id,e2_1,e2_2,e2_3,e2_4,e2_5,e2_6,e2_7,e2_8,SMILES,pkbhx
id001,-0.53,0.11,1.57,1.39,-0.26,-1.25,-0.58,1.82,[O:1]=[As](c1ccccc1)(c1ccccc1)c1ccccc1,4.15
id002,-1.82,0.11,3.3,0.46,-0.85,-1.48,-1.08,7.88,C1CN2CCC[N:1]=C2C1,3.89
id003,-1.87,0.04,3.32,0.16,-0.81,-1.46,-1.09,8.61,C1C[N:1]=C2CCCCCN2C1,3.85
id004,-0.99,0.02,2.16,1.23,-0.48,-1.38,-0.73,3.44,[O:1]=P(N1CCCCC1)(N1CCCCC1)N1CCCCC1,3.74
id005,-1.22,0.28,2.52,0.91,-0.7,-1.19,-0.89,4.63,COc1cc[n+]([O-:1])cc1,3.7
id006,-0.95,0.11,2.22,1.38,-0.57,-1.47,-0.8,3.43,CCP(=[O:1])(CC)CC,3.66
id007,-0.99,0.1,2.26,1.37,-0.56,-1.49,-0.8,3.56,CCCCP(=[O:1])(CCCC)CCCC,3.63
id008,-1.08,0.04,2.29,1.22,-0.53,-1.48,-0.81,3.88,CN(C)P(=[O:1])(N(C)C)N(C)C,3.6
id009,-0.99,0.12,2.28,1.36,-0.57,-1.47,-0.8,3.6,CCCCCCCCP(=[O:1])(CCCCCCCC)CCCCCCCC,3.59
id010,-0.97,0.16,2.24,1.36,-0.57,-1.47,-0.82,3.49,CP(C)(C)=[O:1],3.53
id011,-1.7,0.19,3.17,0.48,-0.86,-1.54,-1.07,7.76,CN1CCCN2CCC[N:1]=C12,3.48
id012,-1.7,0.08,3.79,1.15,-0.82,-2.05,-1.25,8.08,Cc1c[n:1]c2c(ccc3c(C)c(C)c[n:1]c23)c1C,3.46
id013,-0.89,0.28,2.14,1.23,-0.59,-1.23,-0.76,3.3,C[Se](C)=[O:1],3.43
id014,-0.89,0.08,2.07,1.28,-0.51,-1.42,-0.75,3.27,CN(C)P(C)(=[O:1])N(C)C,3.41
id015,-1.59,0.05,3.69,1.3,-0.73,-2.02,-1.22,7.43,Cc1cc[n:1]c2c1ccc1c(C)cc[n:1]c21,3.34
id016,-0.7,0.36,1.97,1.46,-0.58,-1.27,-0.7,2.64,[O:1]=[Se](Cc1ccccc1)Cc1ccccc1,3.3
id017,-1.59,0.1,3.53,1.18,-0.76,-1.91,-1.18,7.4,c1ccc(cc1)-c1cc[n:1]c2c1ccc1c(cc[n:1]c21)-c1ccccc1,3.26
id018,-1.38,0.28,2.79,1,-0.86,-1.61,-1,5.72,CCCC[N+](CCCC)(CCCC)[N-]C#[N:1],3.24
id019,-1.89,0.04,3.28,0.06,-0.85,-1.46,-1.05,8.97,CN(C)C(=[NH:1])N(C)C,3.2
id020,-0.77,0.13,1.82,1.29,-0.42,-1.19,-0.62,2.33,CCOP(=[O:1])(N(C)C)N(C)C,3.18
id021,-0.74,0.03,1.81,1,-0.33,-1.26,-0.63,2.82,[O:1]=P(c1ccccc1)(c1ccccc1)c1ccccc1,3.16
id022,-1.88,-0.01,3.15,-0.09,-0.78,-1.36,-1,8.99,C[N:1]=C(N(C)C)N(C)C,3.16
id023,-1.2,0.27,2.5,0.89,-0.66,-1.17,-0.88,4.6,Cc1cc[n+]([O-:1])cc1,3.12
id024,-1.73,0.06,3.04,0.42,-0.82,-1.45,-1.02,7.35,C1CCC(CC1)c1c[n:1]cn1C1CCCCC1,3.12
id025,-1.55,0.07,3.51,1.16,-0.72,-1.89,-1.16,7.25,c1c[n:1]c2c(c1)ccc1ccc[n:1]c21,3.1
id026,-0.93,0.06,2.08,1.31,-0.5,-1.4,-0.74,3.23,CCP(=[O:1])CC,3.06
id027,-0.97,0.11,2.15,1.28,-0.52,-1.35,-0.75,3.21,[O:1]=P(C1CCCCC1)C1CCCCC1,3.05
id028,-1.79,0.08,3.03,0.27,-0.83,-1.39,-1.02,7.64,C1CCN(C1)c1cc[n:1]cc1,2.93
id029,-1.01,0.23,2.29,1.1,-0.61,-1.29,-0.79,3.84,CN(C)C=NC(=[O:1])N(C)C,2.92
id030,-1.41,0.21,2.87,0.99,-0.76,-1.49,-1.03,5.55,CN(C)C1=CC(=[O:1])CC(C)(C)C1,2.92
id031,-1.17,0.27,2.42,0.87,-0.65,-1.12,-0.86,4.46,Cc1ccc[n+]([O-:1])c1,2.92
id032,-1.78,0.06,3.02,0.24,-0.84,-1.38,-1.01,7.67,CCN(CC)c1cc[n:1]cc1,2.89
id033,-1.16,0.25,2.4,0.86,-0.64,-1.12,-0.85,4.42,[O-:1][n+]1ccc(cc1)-c1ccccc1,2.85
id034,-0.93,0.13,1.89,1.05,-0.52,-1.27,-0.69,3.24,CCCCOP(=[O:1])(CC)OCCCC,2.84
id035,-1.08,-0.09,1.9,0.82,-0.44,-1.38,-0.71,3.84,CCOP(C)(=[O:1])OCC,2.81
id036,-1.38,0.08,2.8,0.97,-0.68,-1.54,-0.98,5.58,CN1N(C(=[O:1])C=C1C)c1ccccc1,2.8
id037,-1.77,0.06,3,0.25,-0.84,-1.38,-1.01,7.61,CN(C)c1cc[n:1]cc1,2.8
id038,-1.12,0.16,2.31,0.97,-0.6,-1.29,-0.84,4.3,CN1CCCN(C)C1=[O:1],2.79
id039,-1.55,0.19,2.82,0.34,-0.8,-1.32,-0.95,7.26,COCC[N:1]=CN(C)C,2.74
id040,-0.76,0.13,1.83,1.28,-0.48,-1.28,-0.68,2.65,CCCOP(C)=[O:1],2.73
id041,-1.7,0.06,2.99,0.06,-0.75,-1.26,-0.97,8.08,C[N:1]=C(N(C)C)c1ccc(C)cc1,2.72
id042,-1.13,0.26,2.34,0.85,-0.62,-1.08,-0.83,4.27,[O-:1][n+]1ccccc1,2.72
id043,-1.64,0.05,2.85,0.34,-0.76,-1.35,-0.96,6.99,Cn1cc[n:1]c1,2.72
id044,-1.51,0.04,2.39,-0.1,-0.65,-0.92,-0.72,6.36,C1C[N:1]2CCC1CC2,2.71
id045,-1.55,0.14,2.78,0.29,-0.77,-1.27,-0.94,7.15,C[N:1]=CN(C)C,2.7
id046,-1.74,0.07,2.95,0.26,-0.82,-1.36,-1,7.49,CNc1cc[n:1]cc1,2.69
id047,-1.77,0.05,2.98,0.23,-0.82,-1.36,-1,7.55,CC1CCN(CC1)c1cc[n:1]cc1,2.68
id048,-1.78,0.06,3.01,0.27,-0.84,-1.38,-1.01,7.59,C1CCN(CC1)c1cc[n:1]cc1,2.68
id049,-1.05,-0.04,2.09,0.94,-0.4,-1.26,-0.71,3.66,CCOP(=[O:1])(OCC)OCC,2.68
id050,-0.51,0.2,1.34,1.15,-0.31,-0.96,-0.52,1.73,CCCCOP(=[O:1])(OCCCC)OCCCC,2.66
id051,-0.83,0.1,1.9,1.12,-0.44,-1.23,-0.67,2.97,CCOP(C)=[O:1],2.66
id052,-1.12,0.18,2.34,1.03,-0.64,-1.33,-0.77,4.44,CCCCS(=[O:1])CCCC,2.65
id053,-1.5,0.16,2.72,0.33,-0.74,-1.25,-0.91,6.71,C[N:1]=C(N(C)C)c1ccccc1,2.62
id054,-1.22,0.15,2.45,0.87,-0.61,-1.23,-0.87,4.63,CC(=[O:1])N1CCCC1,2.61
id055,-1.22,0.16,2.41,0.84,-0.61,-1.24,-0.86,4.64,CN1CCCCC1=[O:1],2.6
id056,-1.56,0.17,2.85,0.34,-0.78,-1.35,-0.97,7.31,CC(C)[N:1]=CN(C)C,2.6
id057,-1.54,0.16,2.76,0.31,-0.75,-1.28,-0.93,7.09,CCC[N:1]=CN(C)C,2.59
id058,-1.5,0.07,2.89,0.29,-0.61,-1.36,-0.96,7.62,CN(C)C=[N:1]C1CCCCC1,2.59
id059,-1.6,0.08,2.63,0.11,-0.7,-1.06,-0.85,6.55,CC1=[N:1]CCC1,2.59
id060,-1.62,0.04,2.53,-0.07,-0.7,-0.97,-0.79,6.73,C1CC[NH:1]C1,2.59
id061,-1.63,0.06,2.56,-0.16,-0.72,-0.93,-0.8,7.06,C1C[NH:1]C1,2.59
id062,-1.7,0.05,2.84,0.23,-0.79,-1.29,-0.95,7.26,CN(N)c1cc[n:1]cc1,2.58
id063,-1.71,0.06,2.87,0.23,-0.79,-1.31,-0.97,7.36,Nc1cc[n:1]cc1,2.56
id064,-0.95,0.28,2.11,1.08,-0.64,-1.15,-0.72,3.52,CS(C)=[O:1],2.54
id065,-1.15,0.15,2.34,0.88,-0.59,-1.22,-0.83,4.44,CN1CCCCCC1=[O:1],2.53
id066,-1.73,0.07,2.91,0.06,-0.78,-1.25,-0.96,7.98,CC(C)C[N:1]=CN(C)C,2.52
id067,-1.28,0.14,2.55,0.52,-0.62,-1.4,-0.87,6.43,CN(C)C=[N:1]C12CC3CC(CC(C3)C1)C2,2.52
id068,-1.15,0.22,2.37,0.91,-0.66,-1.24,-0.86,4.38,CC1=CC(=[O:1])C=C(C)O1,2.5
id069,-1.22,0.13,2.45,0.84,-0.6,-1.23,-0.86,4.65,CN1C=CC=CC1=[O:1],2.5
id070,-0.65,0.02,1.47,0.83,-0.27,-0.87,-0.47,2.37,COP(=[O:1])(OC)OC,2.5
id071,-1.4,0.13,2.74,0.9,-0.71,-1.48,-0.96,5.46,CN(C)C(=[O:1])c1ccc(cc1)N(C)C,2.49
id072,-0.79,0.15,1.84,1.27,-0.45,-1.19,-0.66,2.46,CCCCOP(=[O:1])OCCCC,2.49
id073,-1.37,0.08,2.58,0.79,-0.62,-1.32,-0.87,5.21,COc1ccccc1C(=[O:1])N(C)C,2.48
id074,-1.73,0.07,2.96,0.18,-0.78,-1.34,-0.99,7.86,CN(C)C=[N:1]CC=C,2.48
id075,-1.21,0.14,2.38,0.83,-0.58,-1.2,-0.85,4.58,CCN(CC)C(C)=[O:1],2.47
id076,-0.98,0.15,2.11,1.01,-0.51,-1.19,-0.77,3.66,CC(C)N(C(C)C)C(C)=[O:1],2.47
id077,-1.04,0.27,2.28,1.16,-0.69,-1.28,-0.77,3.8,[O:1]=S1CCCC1,2.47
id078,-1.46,0.05,2.34,-0.1,-0.63,-0.88,-0.71,6.21,C1CC2(CC[N:1]1CC2)c1ccccc1,2.46
id079,-1.08,0.12,2.24,0.96,-0.52,-1.19,-0.8,3.95,CN1CCN(C)C1=[O:1],2.46
id080,-0.88,0.18,1.94,0.95,-0.47,-1.05,-0.7,3.09,CN1CN(C)C1=[O:1],2.46
id081,-1.19,0.14,2.36,0.83,-0.6,-1.19,-0.84,4.5,CC(=[O:1])N1CCCCC1,2.45
id082,-1.1,0.22,2.42,1.29,-0.64,-1.45,-0.86,4.08,CN(C)C1=C(C)N(C)N(C1=[O:1])c1ccccc1,2.45
id083,-0.99,0.14,2.12,1.01,-0.51,-1.21,-0.78,3.75,CN(C)C(C)=[O:1],2.44
id084,-1.12,0.18,2.3,0.94,-0.61,-1.22,-0.83,4.32,CN(C)C(=[O:1])N(C)C,2.44
id085,-1.02,0.25,2.11,0.77,-0.57,-0.94,-0.77,3.83,[O-:1][n+]1ccc(Cl)cc1,2.44
id086,-0.81,0.33,1.98,1.21,-0.59,-1.13,-0.67,2.96,[O:1]=S(Cc1ccccc1)Cc1ccccc1,2.43
id087,-1.2,0.04,2.1,0.38,-0.51,-1,-0.71,5.03,CN(C)C=[N:1]N(C)C,2.43
id088,-1.06,0.08,2.21,0.81,-0.47,-1.16,-0.78,3.99,CCN(CC)C(=[O:1])N(CC)CC,2.43
id089,-1.13,0.11,2.32,0.79,-0.55,-1.21,-0.83,4.58,CC(=[O:1])N(C1CCCCC1)C1CCCCC1,2.41
id090,-1.69,0.1,3.02,0.25,-0.79,-1.39,-1.01,7.85,CN(C)C=[N:1]C(C)(C)C,2.41
id091,-1.64,-0.03,2.82,0.09,-0.62,-1.21,-0.93,7.61,COc1cccc(C[N:1]=CN(C)C)c1,2.4
id092,-0.84,0.11,1.76,0.87,-0.4,-1.03,-0.61,3,CC1CCOP(O)(=[O:1])O1,2.4
id093,0.95,0.03,-0.63,1.43,0.45,-0.46,0.11,-4.26,CC(C)C1OP(O)(=[O:1])OCC1(C)C,2.4
id094,-1.42,0.08,2.27,-0.15,-0.64,-0.87,-0.71,6.31,C[N:1]1C2CCC1CCC2,2.39
id095,-1.03,0.15,2.15,0.97,-0.54,-1.12,-0.77,3.65,CN1CCCC1=[O:1],2.38
id096,-1.65,0.02,2.54,-0.14,-0.72,-0.96,-0.79,7.02,C1CC[NH:1]CC1,2.38
id097,-1.06,-0.01,2.15,1.07,-0.43,-1.36,-0.78,3.64,OP1(=[O:1])OCCC(O1)c1ccccc1,2.38
id098,-1.16,0.13,2.32,0.82,-0.59,-1.22,-0.83,4.57,CCC(=[O:1])N(C)C,2.36
id099,-1.77,0.1,3.13,0.29,-0.81,-1.35,-1.03,7.71,CN(C)C=[N:1]Cc1ccc(C)cc1,2.36
id100,-1.42,0.08,2.59,0.19,-0.58,-1.19,-0.9,7.22,CN(C)C=[N:1]C1CC1,2.36
id101,-1.56,-0.21,3.3,1.01,-0.45,-1.88,-1.14,6.17,CN(C)C=[N:1]Cc1ccccc1,2.35
id102,-1.57,0.07,2.64,0.25,-0.7,-1.18,-0.9,6.53,C=Cn1cc[n:1]c1,2.35
id103,-0.98,0.16,2.07,0.98,-0.53,-1.16,-0.76,3.67,CCN(CC)C(=[O:1])c1ccc(OC)cc1,2.35
id104,-1.28,0.13,2.61,1.02,-0.66,-1.48,-0.95,4.94,CCN(CC)c1ccc(cc1)C(=[O:1])c1ccc(cc1)N(CC)CC,2.33
id105,-1.36,0.03,2.06,-0.01,-0.58,-0.79,-0.62,5.43,C1C[N:1]2CCN1CC2,2.33
id106,-1.76,0.01,2.98,0.16,-0.75,-1.34,-0.96,7.59,CN(C)C=[N:1]c1ccc(cc1)N(C)C,2.32
id107,-1,0.2,2.15,1.02,-0.58,-1.18,-0.78,3.68,[O:1]=CN1CCCC1,2.31
id108,-1.36,-0.05,2.03,-0.17,-0.44,-0.7,-0.65,5.71,COCC[NH:1]CCOC,2.31
id109,-1.32,0.11,2.47,0.76,-0.66,-1.31,-0.85,5.25,COc1ccc(cc1)C(=[O:1])N(C)C,2.31
id110,-1.69,0.05,2.56,-0.18,-0.75,-0.95,-0.81,7.16,NCCC[NH2:1],2.31
id111,-1.12,0.15,2.2,0.8,-0.56,-1.13,-0.79,4.19,CNC(C)=[O:1],2.3
id112,-0.96,0.17,2.18,1.03,-0.53,-1.24,-0.78,3.77,CN(C)C(=[O:1])C12CC3CC(CC(C3)C1)C2,2.3
id113,-0.93,0.22,1.95,0.92,-0.56,-1.05,-0.7,3.23,[O:1]=C1C(=C1c1ccccc1)c1ccccc1,2.3
id114,-1.76,0.07,2.7,-0.21,-0.77,-0.94,-0.83,7.46,[NH2:1]C12CC3CC(CC(C3)C1)C2,2.3
id115,-1.65,0,2.8,0.03,-0.67,-1.17,-0.91,7.69,CN(C)C=[N:1]CC#C,2.3
id116,-0.97,0.15,2.05,0.95,-0.49,-1.12,-0.76,3.57,CCNC(C)=[O:1],2.29
id117,-1.59,0.08,2.71,0.08,-0.7,-1.11,-0.91,7.26,Cc1cc(C)[n:1]c(C)c1,2.29
id118,-1.75,0.07,2.66,-0.23,-0.77,-0.93,-0.83,7.46,[NH2:1]C1CCCCC1,2.29
id119,-1.48,0.04,2.31,-0.12,-0.64,-0.84,-0.72,6.36,C[NH:1]CCNC,2.29
id120,-1.53,0.03,2.47,0.04,-0.67,-0.99,-0.78,6.46,CC1C[NH:1]1,2.28
id121,-0.9,0.14,2.06,1.03,-0.5,-1.24,-0.74,3.57,CN(C)C(=[O:1])c1ccc(C)cc1,2.27
id122,-1.73,0.04,2.64,-0.22,-0.76,-0.97,-0.82,7.44,CCCCCCCC[NH2:1],2.27
id123,-1.09,0.1,2.25,0.87,-0.51,-1.16,-0.79,4.11,CC(C)C(=[O:1])N(C)C,2.26
id124,-1.75,0.1,3.13,0.29,-0.8,-1.42,-1.04,7.95,CCC(C)(C)[N:1]=CN(C)C,2.26
id125,-1.64,0,2.49,-0.18,-0.68,-0.91,-0.79,6.92,COCC[NH2:1],2.26
id126,-1.34,0.08,2.53,0.8,-0.62,-1.29,-0.87,5.02,CCN(CC)C(=[O:1])c1ccccc1,2.26
id127,-1.72,0.06,2.68,-0.23,-0.74,-0.95,-0.85,7.55,CCCCCCCCCCCCCCCC[NH2:1],2.26
id128,-1.62,0.04,2.48,-0.23,-0.71,-0.9,-0.77,7.02,C[NH:1]C,2.26
id129,-1.78,0.08,2.95,0.01,-0.84,-1.27,-0.97,8.1,CN(C)C=[N:1]CC(C)(C)C,2.26
id130,-1.67,0.04,2.49,-0.3,-0.71,-0.87,-0.77,7.12,CC[NH:1]C,2.25
id131,-1.51,0.06,2.42,-0.06,-0.66,-0.99,-0.79,6.54,CC[NH:1]CC,2.25
id132,-1.78,0.1,2.78,-0.08,-0.83,-1.08,-0.89,7.56,[NH2:1]CCN,2.25
id133,-1.01,0.14,2.11,0.93,-0.51,-1.1,-0.77,3.67,CCC(=[O:1])NC,2.24
id134,-1.03,0.11,2.1,0.9,-0.48,-1.14,-0.76,3.96,CC(C)C(=[O:1])N(C1CCCCC1)C1CCCCC1,2.24
id135,-1.12,0.1,2.24,0.85,-0.54,-1.19,-0.79,4.27,CC(C)N(C=[O:1])C(C)C,2.24
id136,-1.65,0.02,2.5,-0.25,-0.72,-0.91,-0.77,7.22,C[NH:1]C1CCCCC1,2.24
id137,-1.64,0.04,2.48,-0.22,-0.7,-0.92,-0.78,7.02,CCCC[NH:1]C,2.24
id138,-1.64,0.06,2.59,-0.14,-0.72,-0.93,-0.81,7.06,C1CCC[NH:1]CC1,2.24
id139,-1.56,0.07,2.6,0.2,-0.7,-1.15,-0.88,6.66,Cc1cc[n:1]cc1C,2.24
id140,-1.51,0.09,2.85,0.73,-0.74,-1.54,-1.05,6.27,CN(C)C(C)=NC#[N:1],2.24
id141,-0.95,0.24,2.07,1.07,-0.61,-1.17,-0.72,3.58,CS(=[O:1])c1ccccc1,2.24
id142,-0.95,0.21,2.03,1.02,-0.58,-1.17,-0.76,3.57,CN(C)C(=[O:1])c1ccccc1,2.23
id143,-1.67,0.06,2.66,-0.17,-0.73,-1,-0.85,7.45,CC(C)(C)[NH2:1],2.23
id144,-1.17,0.11,2.36,0.86,-0.59,-1.25,-0.84,4.58,CCC(=[O:1])N(C1CCCCC1)C1CCCCC1,2.22
id145,-1.37,-0.11,2.74,0.79,-0.44,-1.56,-0.99,5.18,Cc1ccc(NC=[N:1]c2ccc(C)cc2)cc1,2.22
id146,-1.63,0.08,2.57,-0.09,-0.72,-0.95,-0.81,6.9,COCCC[NH2:1],2.22
id147,-1.4,0.02,2.4,0.33,-0.6,-1.1,-0.79,5.79,Cn1c[n:1]cc1Br,2.22
id148,-1.67,0.07,2.57,-0.31,-0.72,-0.88,-0.79,7.33,C[NH:1]C(C)(C)C,2.21
id149,-1.57,0.07,2.6,0.13,-0.7,-1.1,-0.87,6.83,Cc1cc[n:1]c(C)c1,2.21
id150,-0.88,0.19,2.02,1.21,-0.52,-1.21,-0.7,3.07,Cc1ccc(cc1)S(=[O:1])c1ccc(C)cc1,2.21
id152,-1.69,0.06,2.55,-0.22,-0.74,-0.88,-0.79,7.17,NCCCC[NH2:1],2.21
id153,-1.7,0.08,2.65,-0.21,-0.76,-0.94,-0.83,7.33,NCCCCCC[NH2:1],2.21
id154,-1.54,0.07,2.42,-0.14,-0.69,-0.96,-0.78,6.66,C[NH:1]C(C)C,2.2
id155,-1.54,0.08,2.61,0.24,-0.74,-1.19,-0.88,6.6,Nc1ccc[n:1]c1,2.2
id156,-1.74,0.05,2.64,-0.25,-0.76,-0.93,-0.82,7.44,CC(C)[NH2:1],2.2
id157,-1.73,0.03,2.59,-0.22,-0.75,-0.97,-0.82,7.28,CCC[NH2:1],2.2
id158,-1.66,0.06,2.58,-0.19,-0.72,-0.91,-0.81,7.12,C[NH2:1],2.2
id159,-0.89,0.16,1.98,1.06,-0.47,-1.16,-0.73,3.21,CN(C(C)=[O:1])c1ccccc1,2.19
id160,-1.53,0.05,2.42,-0.09,-0.67,-0.91,-0.75,6.47,C[N:1]1CCCC1,2.19
id161,-1.44,-0.25,2.79,0.71,-0.41,-1.59,-0.89,5.84,C[N:1]=C(N(C)C)c1ccc(Br)cc1,2.19
id162,-1.68,0.05,2.6,-0.15,-0.72,-0.93,-0.82,7.15,CCCC[NH2:1],2.19
id163,-1.15,0.11,2.28,0.86,-0.55,-1.22,-0.82,4.3,[O:1]=CN1CCCCC1,2.17
id164,-1.11,0.09,2.2,0.84,-0.54,-1.18,-0.79,4.22,CCCCN(CCCC)C=[O:1],2.17
id165,-1.49,0.06,2.3,-0.22,-0.65,-0.86,-0.73,6.43,CC[N:1](C)C,2.17
id166,-0.75,0.08,1.67,1.15,-0.46,-1.19,-0.6,2.51,ClP(=[O:1])(c1ccccc1)c1ccccc1,2.17
id167,-1.68,0.06,2.61,-0.24,-0.73,-0.92,-0.81,7.33,CC[NH2:1],2.17
id168,-1.13,0.11,2.22,0.84,-0.54,-1.18,-0.8,4.2,CCN(CC)C=[O:1],2.16
id169,-1.11,0.14,2.18,0.78,-0.54,-1.07,-0.77,4.17,CC(=[O:1])N1CCOCC1,2.16
id170,-1.59,0.07,2.47,-0.16,-0.69,-0.9,-0.77,6.72,C1CC=CC[NH:1]1,2.16
id171,-1.02,0.11,2.08,0.8,-0.52,-1.12,-0.74,4.08,CN1C(CCC1=[O:1])c1cccnc1,2.16
id172,-1.19,-0.2,2.74,1.35,-0.26,-1.58,-0.92,4.37,CCN(C(=[O:1])N(CC)c1ccccc1)c1ccccc1,2.16
id173,-1.62,0.06,2.45,-0.25,-0.69,-0.85,-0.77,7.05,[NH2:1]CCc1ccccc1,2.16
id174,-1.06,-0.23,2.49,1.71,-0.21,-1.8,-0.98,3.11,CCN(CC(=[O:1])N(CC)c1ccccc1)c1ccccc1,2.16
id175,-1.4,0.07,2.23,-0.02,-0.61,-0.88,-0.72,5.96,C[N:1](C)C1CCCCC1,2.15
id176,-1.51,0.1,2.6,0.08,-0.65,-1.02,-0.86,6.94,Cc1cccc(C)[n:1]1,2.14
id177,-1.55,0.05,2.4,-0.29,-0.68,-0.96,-0.77,7.22,C[NH:1]CCc1ccccc1,2.14
id178,-0.88,0.18,1.93,0.97,-0.52,-1.12,-0.7,3.41,CN(C)C(=[O:1])c1ccc(F)cc1,2.14
id179,-1.47,0.05,2.3,-0.18,-0.65,-0.86,-0.73,6.39,C[N:1](C)C,2.13
id180,-1.5,0.07,2.49,0.21,-0.68,-1.11,-0.84,6.35,COc1cc[n:1]cc1,2.13
id181,-1.12,0.02,2.09,0.61,-0.4,-1.03,-0.7,4.08,N(C=[N:1]c1ccccc1)c1ccccc1,2.13
id182,-1.01,0.12,2.14,0.93,-0.48,-1.14,-0.76,3.8,CCN(CC)C(=[O:1])C(C)(C)C,2.13
id183,-1.49,0.08,2.61,0.1,-0.65,-1.04,-0.85,7.04,CN(C)C=[N:1]Cc1ccc(Cl)cc1,2.12
id184,-1.24,0.13,2.21,0.34,-0.59,-0.96,-0.75,5.15,Nc1cccc[n:1]1,2.12
id185,-1.28,0.08,2.32,0.15,-0.52,-0.88,-0.74,6.08,CN(C)C=[N:1]CCC#N,2.12
id186,-1.58,0.07,2.55,-0.11,-0.68,-0.93,-0.8,6.86,CCCC[NH:1]CCCC,2.11
id187,-1.42,0.04,2.23,-0.19,-0.6,-0.88,-0.71,6.37,CC(C)[N:1](C)C,2.11
id188,-1.46,0.04,2.2,-0.07,-0.65,-0.84,-0.71,5.92,C[N:1]1CCCCC1,2.11
id189,-1.53,0.05,2.54,0.2,-0.7,-1.13,-0.84,6.51,CC(C)(C)c1cc[n:1]cc1,2.11
id190,-1.27,0.13,2.27,0.33,-0.6,-0.99,-0.76,5.24,CNc1cccc[n:1]1,2.11
id191,-1.02,-0.17,1.88,1.14,-0.32,-1.56,-0.75,4,C[N:1]1C(CC(O)c2ccccc2)CCCC1CC(=O)c1ccccc1,2.11
id192,-1.2,-0.09,2.69,1.6,-0.52,-1.87,-1.06,4.18,C1CNCC[NH:1]1,2.11
id193,-1.02,0.11,2.11,0.87,-0.47,-1.11,-0.74,3.76,CN(C)C(=[O:1])C(C)(C)C,2.1
id194,-1.11,0.11,2.2,0.8,-0.56,-1.15,-0.78,4.19,CN(C)C=[O:1],2.1
id195,-1.15,-0.06,2.26,0.77,-0.39,-1.15,-0.78,4.23,CN(C)C=NC(=[O:1])c1ccccc1,2.1
id196,-1.65,0.1,2.71,0.02,-0.66,-1.1,-0.89,7.17,CN(C)C=[N:1]Cc1cccc(Cl)c1,2.1
id197,-1.08,0.01,1.96,0.43,-0.46,-1,-0.71,4.53,CCCN=C(NC)NC#[N:1],2.09
id198,-0.86,0.24,1.97,1.01,-0.5,-1.07,-0.7,3.08,CCOC(=[O:1])C=CN(C)C,2.09
id199,-1.51,-0.06,2.79,0.57,-0.63,-1.43,-1,6.36,CN(C)C=NC#[N:1],2.09
id200,-1.51,0.18,2.7,0.6,-0.88,-1.52,-0.93,6.02,COc1ccc(cc1)[N:1]=CN(C)C,2.08
id201,-1.46,0.07,2.41,0.21,-0.68,-1.07,-0.81,6.19,C1CNC(C1)c1ccc[n:1]c1,2.08
id202,-1.14,-0.24,2.52,1.39,-0.22,-1.65,-0.9,4.06,CN(C)C(=[O:1])N(c1ccccc1)c1ccccc1,2.08
id203,-1.56,0.07,2.8,0.45,-0.71,-1.29,-0.92,6.51,CN(C)C=[N:1]c1ccc(C)cc1,2.07
id204,-1.53,0.04,2.52,0.18,-0.7,-1.12,-0.84,6.49,Cc1cc[n:1]cc1,2.07
id205,-1.52,0.04,2.51,0.2,-0.7,-1.11,-0.84,6.42,CCc1cc[n:1]cc1,2.07
id206,-1.23,0.02,2.18,0.64,-0.5,-1.06,-0.71,4.53,CN(C)C(=[O:1])c1ccc(Br)cc1,2.07
id207,-1.15,-0.21,2.42,1.37,-0.25,-1.65,-0.89,3.93,CCN(CC)C(=[O:1])N(c1ccccc1)c1ccccc1,2.07
id208,-0.94,0.1,2.01,0.85,-0.43,-1.07,-0.71,3.62,CC(C)(C)C(=[O:1])N(C1CCCCC1)C1CCCCC1,2.06
id209,-0.81,0.15,1.71,0.89,-0.45,-1.11,-0.63,3.08,CN(C)C(=[S:1])N=C(C)N(C)C,2.06
id210,-1.45,0.1,2.33,-0.16,-0.66,-0.86,-0.73,6.36,C[N:1](C)CCCCCCN(C)C,2.05
id211,-1.34,0.08,2.25,-0.11,-0.64,-0.95,-0.74,6.31,CCCC[N:1]1CCCC1,2.04
id212,-1.09,0.09,2.19,0.97,-0.55,-1.28,-0.76,4,[O:1]=S(c1ccccc1)c1ccccc1,2.04
id213,-1.58,0.06,2.47,-0.21,-0.68,-0.86,-0.75,6.86,C1Cc2ccccc2C[NH:1]1,2.04
id214,-0.96,0.18,2.03,0.96,-0.54,-1.14,-0.75,3.64,CNC(=[O:1])c1ccccc1,2.03
id215,-1.48,0.07,2.49,0.12,-0.65,-1.04,-0.82,6.55,Cc1cccc[n:1]1,2.03
id216,-1,0.09,2.09,0.89,-0.47,-1.13,-0.75,3.9,CC(C)N(C(C)C)C(=[O:1])C(C)(C)C,2.03
id217,-0.98,0.21,2.06,0.84,-0.56,-1.07,-0.75,3.73,[O:1]=C1C=COC=C1,2.03
id218,-1.55,0.03,2.59,0.21,-0.7,-1.17,-0.88,6.59,CN1CCCC1c1ccc[n:1]c1,2.03
id219,-1.44,0.05,2.2,-0.1,-0.63,-0.83,-0.69,5.93,C[N:1]1CCC=CC1,2.02
id220,-1.4,0.02,2.24,-0.16,-0.61,-0.87,-0.69,6.16,C[N:1](C)CCN(C)C,2.02
id221,-1.44,-0.11,2.95,0.77,-0.27,-1.23,-0.96,4.81,CC(Nc1ccc(C)cc1)=[N:1]c1ccc(C)cc1,2.01
id222,-1.51,0.04,2.46,0.17,-0.69,-1.1,-0.82,6.4,CCc1ccc[n:1]c1,2.01
id223,-1.41,0.08,2.35,-0.14,-0.59,-0.96,-0.77,6.9,CC(C)[NH:1]C(C)C,2
id224,-1.53,0.07,2.41,-0.19,-0.66,-0.84,-0.76,6.6,C[NH:1]CC=C,2
id225,-1.46,0,2.96,0.46,-0.52,-1.23,-0.95,6.75,CN(C)C=[N:1]Cc1cc(Cl)cc(Cl)c1,2
id226,-1.49,0.05,2.48,0.19,-0.69,-1.09,-0.83,6.34,Cc1ccc[n:1]c1,2
id227,-0.79,0.27,1.68,0.91,-0.57,-1,-0.61,2.86,CN1CCCNC1=[S:1],2
id228,-1.1,0.02,2.64,0.69,-0.52,-1.19,-0.71,4.88,CN(C)C=[N:1]Cc1cccc(c1)C(F)(F)F,1.99
id229,-1.21,-0.18,2.47,0.37,-0.36,-1.34,-0.7,5.83,C[N:1]=C(N(C)C)c1ccc(cc1)[N+]([O-])=O,1.99
id230,-0.96,0.14,2.06,0.94,-0.46,-1.09,-0.76,3.5,[O:1]=C1C=C(Oc2ccccc12)c1ccccc1,1.99
id231,-1.45,0.04,2.26,-0.23,-0.62,-0.91,-0.72,6.5,CC[N:1](CC)CC,1.98
id232,-1.31,0.08,2.35,0.37,-0.61,-1.16,-0.81,5.84,C1C[N:1]=C(C1)c1ccccc1,1.98
id233,-1.12,0.13,2.21,0.8,-0.54,-1.1,-0.74,4.06,CCN(CC)C(=[O:1])c1cccnc1,1.98
id234,-1.4,0.05,2.14,-0.06,-0.62,-0.83,-0.7,5.79,CCC[N:1](C)C,1.98
id235,-1.12,0.18,2.26,0.86,-0.61,-1.18,-0.82,4.25,[O:1]=C1C=CC=CC=C1,1.97
id236,-1.31,0.02,2.04,-0.12,-0.53,-0.72,-0.61,5.47,ClC1C[N:1]2CCC1CC2,1.97
id237,-1.61,0.08,2.5,-0.09,-0.73,-0.94,-0.8,6.8,Cc1cccc(C[NH2:1])c1,1.97
id238,-0.82,0.18,1.82,0.94,-0.5,-1.05,-0.67,3.21,CN(C)C(=[O:1])c1ccc(cc1)C(F)(F)F,1.97
id239,-1.32,0.08,2.54,1.21,-0.66,-1.57,-1,4.57,c1ccc2c[n:1]ncc2c1,1.97
id240,-0.92,0.17,1.9,0.89,-0.48,-1,-0.71,3.23,CNC=[O:1],1.96
id241,-1.5,0.05,2.47,0.14,-0.69,-1.07,-0.82,6.42,c1ccc(cc1)-c1cc[n:1]cc1,1.96
id242,-1.51,0.05,2.46,0.12,-0.69,-1.06,-0.81,6.4,C=Cc1cc[n:1]cc1,1.95
id243,-1.35,0.1,2.35,0.28,-0.66,-1.21,-0.83,6.28,c1ccc2[n:1]c3ccccc3cc2c1,1.95
id244,-0.85,0.13,1.81,0.87,-0.41,-0.97,-0.65,3.1,CCOC(=[O:1])N(CC)CC,1.95
id245,-1.04,0.15,2.13,0.87,-0.53,-1.13,-0.77,3.87,CC(=[O:1])N(c1ccccc1)c1ccccc1,1.94
id246,-1.72,0.04,2.63,-0.39,-0.65,-0.85,-0.82,7.63,COc1cccc(C[NH2:1])c1,1.94
id247,-1.27,-0.01,1.86,-0.15,-0.47,-0.64,-0.59,5.13,C[N:1](C)CCC(=O)c1ccccc1,1.94
id248,-1.5,0.08,2.51,0.11,-0.68,-1.05,-0.83,6.66,CCc1cccc[n:1]1,1.94
id249,-1.47,0.06,2.43,0.18,-0.67,-1.08,-0.82,6.26,c1ccc2c[n:1]ccc2c1,1.94
id250,-0.75,0.08,1.51,0.61,-0.35,-0.73,-0.54,2.93,CN1C(CC([OH:1])c2ccccc2)CCCC1CC(=O)c1ccccc1,1.94
id251,-0.77,0.16,1.69,0.93,-0.42,-0.94,-0.62,2.67,[O:1]=CN1CCOCC1,1.93
id252,-1.51,0.12,2.52,0.3,-0.86,-1.4,-0.89,6.34,C1C[NH:1]C(C1)c1ccccc1,1.93
id253,-1.62,0.07,2.5,-0.21,-0.7,-0.88,-0.78,6.96,[NH2:1]CC=C,1.93
id254,-1.37,0.09,2.28,0.14,-0.63,-0.91,-0.74,5.76,C[N:1](C)CC=C,1.92
id255,-1.45,0.06,2.41,-0.02,-0.61,-1.08,-0.81,7.23,CN(C)C=[N:1]c1ccccc1,1.9
id256,-1.02,0.09,1.96,0.67,-0.45,-0.92,-0.66,3.86,CN(C)C(=[O:1])c1ccc(cc1)[N+]([O-])=O,1.9
id257,-1.42,0.06,2.37,0.17,-0.66,-1.07,-0.8,6.15,c1ccc2[n:1]cccc2c1,1.89
id258,-0.66,0.12,1.89,1.19,-0.36,-1.32,-0.54,2.52,[O:1]=P(Oc1ccccc1)(Oc1ccccc1)Oc1ccccc1,1.89
id259,-1.68,0.01,2.49,-0.43,-0.72,-0.94,-0.77,7.63,CC1(C)CCCC(C)(C)[NH:1]1,1.88
id260,-1.3,0.08,1.99,-0.08,-0.59,-0.73,-0.64,5.45,C[N:1](C)CCCn1c2ccccc2c2ccccc12,1.88
id261,-1.47,0.08,2.47,0.17,-0.69,-1.09,-0.82,6.42,CCCCc1cccc[n:1]1,1.88
id262,-1.4,0.04,2.14,-0.1,-0.6,-0.82,-0.66,5.81,CN1CC[N:1](C)CC1,1.88
id263,-1.39,0.08,2.34,0.24,-0.65,-1.1,-0.81,6.11,c1ccc2c(c1)c[n:1]c1ccccc21,1.87
id264,-1.47,0.04,2.39,0.13,-0.66,-1.04,-0.79,6.19,c1cc[n:1]cc1,1.86
id265,-1.31,0.09,2.22,0.23,-0.59,-0.93,-0.74,5.43,CC(=O)n1cc[n:1]c1,1.86
id266,-1.36,-0.01,2.78,0.73,-0.37,-1.25,-0.9,4.99,CC(Nc1ccc(C)cc1)=[N:1]c1ccccc1,1.85
id267,-1.27,0.15,2.25,0.33,-0.6,-0.9,-0.76,5.26,Cn1ccc[n:1]1,1.84
id268,-1.09,0.19,2.22,0.86,-0.6,-1.15,-0.81,4.13,CC12CCC3C(CCC4=CC(=[O:1])C=CC34C)C1CCC2=O,1.84
id269,-1.61,0.05,2.55,-0.14,-0.69,-0.87,-0.78,6.9,[NH2:1]Cc1ccccc1,1.84
id270,-0.83,0.11,1.75,0.84,-0.41,-0.98,-0.63,3.08,CCOC(=[O:1])N(C)C,1.83
id271,-1.53,-0.12,2.85,0.49,-0.52,-1.57,-0.96,6.35,CNC(=[N:1]c1ccccc1)c1ccccc1,1.83
id272,-1.11,0.1,2.2,0.76,-0.54,-1.16,-0.8,4.41,CCN(CC)c1ccc(cc1)C(C)=[O:1],1.82
id273,-1.46,0.1,2.78,0.73,-0.78,-1.61,-0.96,6.14,CN(C(C)=[N:1]c1ccc(C)cc1)c1ccc(C)cc1,1.82
id274,-1.56,0.03,2.39,-0.16,-0.68,-0.87,-0.75,6.71,C[NH:1]Cc1ccccc1,1.82
id275,-1.36,0.1,2.52,0.56,-0.68,-1.24,-0.83,5.7,CN(C)C=[N:1]c1ccc(F)cc1,1.8
id276,-1.35,0.15,2.76,0.64,-0.72,-1.56,-0.98,6.37,[NH:1]=C(c1ccccc1)c1ccccc1,1.8
id277,-1.4,0.05,2.11,-0.1,-0.6,-0.77,-0.67,5.69,C[N:1]1CCc2ccccc2C1,1.8
id278,-0.83,0.13,1.76,0.83,-0.39,-0.95,-0.63,3.09,COC(=[O:1])N(C)C,1.8
id279,-0.66,0.34,1.51,0.92,-0.56,-0.91,-0.55,2.21,CN(C)C=NC(=[S:1])N(C)C,1.79
id280,-1.35,0.08,2.09,-0.02,-0.6,-0.76,-0.65,5.48,C1COCC[NH:1]1,1.78
id281,-1.12,0.11,2.23,0.8,-0.54,-1.17,-0.82,4.38,CN(C)c1ccc(cc1)C(C)=[O:1],1.76
id282,-1.15,0.19,2.37,0.84,-0.68,-1.49,-0.85,5.16,CN(C(C)=[N:1]c1ccccc1)c1ccc(C)cc1,1.76
id283,-1.4,0.07,2.28,0.06,-0.61,-0.99,-0.78,6.35,CC(C)c1cccc[n:1]1,1.76
id284,-1.19,0.16,2.48,0.86,-0.67,-1.51,-0.88,5.29,CN(C(C)=[N:1]c1ccc(C)cc1)c1ccccc1,1.75
id285,-1.06,0.16,2.12,0.81,-0.56,-1.1,-0.77,4.04,CC(=O)C1CCC2C3CCC4=CC(=[O:1])CCC4(C)C3CCC12C,1.75
id286,-1.23,0.03,2.41,0.93,-0.54,-1.3,-0.82,4.43,CN(C)C(=[O:1])CCl,1.74
id287,-0.88,0.18,1.85,0.88,-0.47,-0.96,-0.68,3.15,CN(C=[O:1])c1ccccc1,1.74
id288,-1.7,0.04,2.57,-0.18,-0.74,-0.94,-0.83,7.16,[NH3:1],1.74
id289,-1.37,0.04,2.1,-0.17,-0.61,-0.78,-0.65,5.85,C[N:1]1CCCC(CCl)C1,1.74
id290,-1.33,0.01,2.45,0.58,-0.57,-1.26,-0.89,5.57,CC(C)N(C#[N:1])C(C)C,1.74
id291,-1.05,0.18,2.11,0.83,-0.57,-1.09,-0.77,3.95,CC1=CC(=[O:1])CC(C)(C)C1,1.74
id292,-1.18,-0.17,2.65,1.21,-0.22,-1.34,-0.86,3.99,[O:1]=C(N(c1ccccc1)c1ccccc1)N(c1ccccc1)c1ccccc1,1.74
id293,-1.6,0.04,2.5,-0.13,-0.68,-0.89,-0.78,6.74,[NH2:1]C1CC1,1.72
id294,-1.16,0.13,2.31,0.81,-0.57,-1.18,-0.84,4.43,CC(=[O:1])c1ccc(cc1)N1CCCCC1,1.71
id295,-0.72,0.1,1.72,1.03,-0.4,-1.19,-0.67,2.74,CN(C)C(=[O:1])Oc1ccccc1,1.7
id296,-1.21,0.08,2.21,0.21,-0.55,-1.08,-0.77,5.66,C=CC[NH:1]CC=C,1.7
id297,-1.14,0.05,1.79,-0.32,-0.45,-0.53,-0.56,5.36,C[N:1]1CCC(Cl)CC1,1.7
id298,-1.44,0.03,2.6,0.52,-0.66,-1.35,-0.94,6.01,CN(C)C=CC#[N:1],1.7
id299,-1.13,0.08,2.2,0.75,-0.52,-1.12,-0.8,4.28,CN(C)C=Nc1ccc(cc1)C(C)=[O:1],1.7
id300,-0.96,0.16,1.94,0.73,-0.49,-0.96,-0.7,3.65,CC(=[O:1])Nc1ccccc1,1.69
id301,-0.67,0.21,1.63,1.05,-0.43,-0.91,-0.58,2.39,Clc1ccc(cc1)S(=[O:1])c1ccc(Cl)cc1,1.68
id302,-1.38,0.03,2.1,-0.14,-0.54,-0.67,-0.62,5.74,C1CSCC[NH:1]1,1.67
id303,-1.22,0.1,2.39,0.83,-0.6,-1.29,-0.87,4.75,CN(C)c1ccc(cc1)C(=[O:1])c1ccccc1,1.67
id304,-1.08,0.05,2.22,0.93,-0.49,-1.25,-0.79,4,COc1ccc(cc1)C(=[O:1])N(c1ccccc1)c1ccccc1,1.67
id305,-1.34,-0.08,2.62,0.63,-0.31,-1.2,-0.86,5.03,CC(Nc1ccccc1)=[N:1]c1ccccc1,1.66
id306,-1.29,0.04,2.41,0.61,-0.58,-1.27,-0.88,5.33,[N:1]#CN1CCCC1,1.66
id307,-1.29,-0.03,2.24,0.19,-0.45,-0.95,-0.75,5.66,Fc1cccc(c1)C1=[N:1]CCC1,1.66
id308,-1.27,0.03,2.02,-0.23,-0.5,-0.74,-0.65,6.05,Fc1cccc(c1)C1CCC[NH:1]1,1.65
id309,-1.32,0.04,2.15,-0.05,-0.52,-0.9,-0.69,6.61,CN(C)C=[N:1]c1ccc(Br)cc1,1.65
id310,-1.61,-0.34,3.23,0.93,-0.33,-1.66,-1.02,6.65,CN(C(C)=[N:1]c1ccccc1)c1ccccc1,1.65
id311,-1.27,0.06,2.17,0.27,-0.57,-1.03,-0.75,5.63,C=Cc1cccc[n:1]1,1.65
id312,-1.24,0.08,2.37,1.12,-0.6,-1.44,-0.94,4.29,c1ccn[n:1]c1,1.65
id313,-1.37,0.06,2.26,0.35,-0.66,-1.14,-0.8,5.33,C[NH:1]CC#C,1.64
id314,-1.22,-0.14,2.72,1.15,-0.28,-1.36,-0.87,4.29,CC(C)(C)C(=[O:1])N(c1ccccc1)c1ccccc1,1.64
id315,-1.45,0.13,2.63,0.65,-0.8,-1.48,-0.91,5.84,CN(C)C=[N:1]c1ccccc1C,1.63
id316,-1.49,-0.02,2.77,0.54,-0.61,-1.54,-0.96,6.46,COc1ccc(cc1)N(C)C(=[N:1]c1ccc(C)cc1)c1ccccc1,1.63
id317,-1.21,0.11,2.22,0.44,-0.58,-1.01,-0.74,5.13,Clc1ccc(NC=[N:1]c2ccc(Cl)cc2)cc1,1.63
id318,-1.29,0.03,2.39,0.56,-0.57,-1.22,-0.86,5.38,CCN(CC)C#[N:1],1.63
id319,-1.17,0.07,2.19,0.78,-0.53,-1.16,-0.79,4.24,[O:1]=C1CCCCCO1,1.63
id320,-1.42,-0.07,2.22,0.02,-0.53,-0.88,-0.72,5.93,CCN(CC)C(=O)c1ccc[n:1]c1,1.63
id322,-1.36,0.05,2.22,0.13,-0.62,-0.91,-0.73,5.77,CN1C(CCC1=O)c1ccc[n:1]c1,1.62
id323,-1.12,0.13,2.21,0.78,-0.54,-1.1,-0.8,4.23,CC(=[O:1])c1ccc(cc1)N1CCOCC1,1.61
id324,-1.3,0.12,2.22,0.16,-0.64,-1.05,-0.77,6.08,CN(C)c1cccc[n:1]1,1.61
id325,-0.96,-0.27,2.03,1.05,-0.23,-1.62,-0.77,3.59,[O:1]=C(N(c1ccccc1)c1ccccc1)c1ccccc1,1.61
id326,-1.28,0.02,2.33,0.3,-0.53,-1.08,-0.77,5.49,C[N:1](C)CC#C,1.6
id327,-1.47,-0.05,2.23,-0.1,-0.53,-0.84,-0.71,6.33,CN(C)C=[N:1]CC(F)(F)F,1.6
id328,-0.93,0.17,1.71,0.64,-0.51,-0.89,-0.62,3.24,[S:1]=C1CCCCCN1,1.6
id329,-1.36,0.05,2.11,-0.07,-0.6,-0.79,-0.68,5.7,C[N:1](C)Cc1ccccc1,1.59
id330,-1.51,0.08,2.4,-0.17,-0.66,-0.79,-0.73,6.57,[NH2:1]Cc1cccc(F)c1,1.58
id331,-1.27,-0.39,2.27,0.58,-0.13,-1.26,-0.73,4.68,CC(Nc1ccc(C)cc1)=[N:1]c1ccc(Br)cc1,1.58
id332,-1.31,0.02,2.42,0.58,-0.58,-1.26,-0.88,5.43,[N:1]#CN1CCCCC1,1.58
id333,-0.9,0.27,1.95,1.13,-0.65,-1.26,-0.72,3.12,CCN(CC)C=C[N+]([O-:1])=O,1.58
id334,-0.71,0.25,1.66,0.93,-0.51,-0.89,-0.56,2.75,CS(=[O:1])c1ccc(cc1)[N+]([O-])=O,1.58
id335,-1.36,0.09,2.18,0,-0.57,-0.82,-0.69,5.59,C[N:1]1CN(C)CN(C)C1,1.58
id336,-1.14,0.05,2.16,0.06,-0.45,-0.97,-0.71,5.95,CCCCCCCC[N:1](CCCCCCCC)CCCCCCCC,1.57
id337,-0.74,0.21,1.61,0.91,-0.45,-0.93,-0.61,2.6,[O:1]=C1CCCCO1,1.57
id338,-1.3,0.02,2.01,-0.17,-0.54,-0.71,-0.6,5.47,C[N:1]1CCOCC1,1.56
id339,-0.82,0.08,1.68,0.77,-0.36,-0.86,-0.57,2.85,CCN(CC)C(=[O:1])SC,1.56
id340,-1.28,0.02,2.36,0.57,-0.57,-1.22,-0.87,5.32,CN(C)C#[N:1],1.56
id341,-0.85,0.23,1.82,0.72,-0.46,-0.77,-0.66,3.21,[O-:1][n+]1cc(Cl)cc(Cl)c1,1.56
id342,-1.53,0.05,2.32,-0.23,-0.67,-0.78,-0.73,6.57,[NH2:1]CC#C,1.56
id343,-1.21,0.01,1.96,-0.03,-0.52,-0.84,-0.6,5.14,CCCC[N:1](CCCC)CCCC,1.55
id344,-1.5,0.06,2.23,-0.19,-0.66,-0.76,-0.71,6.18,[NH2:1]Cc1cccc(Cl)c1,1.55
id345,-0.96,-0.01,1.86,1.36,-0.61,-1.76,-0.84,3.09,[O-:1][N+](=O)C=CN1CCCCC1,1.55
id346,-0.93,0.1,1.66,0.26,-0.38,-0.64,-0.53,3.81,Nc1[n:1]cccn1,1.55
id347,-1.38,-0.01,2.07,-0.23,-0.55,-0.74,-0.66,5.86,C[N:1](C)CCCCl,1.54
id348,-1.29,0.06,2.13,0.11,-0.58,-0.87,-0.72,5.57,Clc1cc[n:1]cc1,1.54
id349,-0.49,0.22,1.28,0.98,-0.32,-0.75,-0.49,1.58,CCCCCCCCP(=[S:1])(CCCCCCCC)CCCCCCCC,1.54
id350,-0.96,0.18,2.04,0.96,-0.53,-1.14,-0.77,3.46,CN(C)c1ccc(C=[O:1])cc1,1.53
id351,-1.86,-0.35,3.23,0.23,-0.33,-1.28,-0.94,7.49,COc1ccc(cc1)[N:1]=C(N(C)c1ccccc1)c1ccccc1,1.53
id352,-1.62,0.01,2.89,0.52,-0.66,-1.44,-0.95,6.46,CN(C(=[N:1]c1ccc(C)cc1)c1ccccc1)c1ccccc1,1.52
id353,-0.71,-0.13,1.54,0.08,-0.17,-0.85,-0.57,4.74,FC(F)(F)c1cccc(c1)C1=[N:1]CCC1,1.52
id354,-1.01,0.08,1.63,-0.07,-0.45,-0.58,-0.52,4.46,C1C[NH:1]C(C1)c1cccnc1,1.52
id355,-1.26,0.13,2.3,0.46,-0.63,-1.07,-0.75,5.29,CN(C)C=[N:1]c1ccc(cc1)C(C)=O,1.52
id356,-0.84,0.12,1.55,0.82,-0.49,-1.42,-0.61,3.12,CN(C)C=NS(=[O:1])(=O)c1ccccc1,1.51
id357,-1.05,0.07,2.08,0.78,-0.49,-1.12,-0.75,3.91,COc1ccc(cc1)C(=[O:1])c1ccc(OC)cc1,1.49
id358,-0.79,0.13,1.65,0.77,-0.37,-0.86,-0.6,2.84,COC(=[O:1])c1ccccc1OC,1.49
id359,-0.63,0.24,1.59,1.29,-0.5,-1.2,-0.61,1.92,CN(C)C(C)=NC(=[S:1])SCc1ccccc1,1.49
id360,-1.52,0.06,2.48,0.08,-0.68,-1.01,-0.8,6.5,C[N:1]=Cc1ccccc1,1.49
id361,-0.83,0.29,1.81,0.91,-0.55,-0.97,-0.67,3.03,[O:1]=NN1CCCC1,1.49
id362,-1.19,0.07,2.02,0.25,-0.54,-0.94,-0.69,5.15,Cc1[n:1]c2ccccc2o1,1.48
id363,-1.43,0.05,2.31,-0.18,-0.6,-0.91,-0.73,6.48,CCC[N:1](CCC)CCC,1.47
id364,-1.37,0.05,2.11,-0.07,-0.57,-0.78,-0.68,5.7,CC[N:1](C)Cc1ccccc1,1.47
id365,-1.4,-0.45,2.49,0.7,-0.15,-1.46,-0.87,5.09,Cc1ccc(NC(=[N:1]c2ccccc2)c2ccccc2)cc1,1.47
id367,-1.29,0.09,2.09,0.13,-0.57,-0.84,-0.69,5.44,Cc1cc(C)nc[n:1]1,1.47
id368,-0.39,0.28,1.14,1.08,-0.37,-0.82,-0.44,1.06,CCP(=[S:1])(CC)CC,1.46
id369,-0.91,0.08,1.89,0.78,-0.39,-0.98,-0.68,3.34,CCOC(=[O:1])c1ccc(cc1)N(C)C,1.45
id370,-0.87,0.13,1.76,0.73,-0.46,-0.92,-0.63,3.31,[O:1]=C1CCCCCCC1,1.45
id371,-1.25,0.05,1.95,-0.14,-0.54,-0.69,-0.61,5.34,ClCC[N:1]1CCCC1,1.45
id372,-0.82,-0.28,1.75,0.95,-0.15,-1.49,-0.66,3.1,CCOC(=[O:1])N(c1ccccc1)c1ccccc1,1.45
id373,-1.46,-0.03,2.47,0.01,-0.53,-1.1,-0.81,6.43,CN(C(C)=[N:1]c1ccccc1)c1cccc(Cl)c1,1.44
id374,-0.53,0.03,1.35,0.77,-0.2,-0.87,-0.47,2.29,C1C2CC3CC1CC(C2)C3C1[O:1]C1C1C2CC3CC(C2)CC1C3,1.44
id375,-1.3,0.03,2.1,0.16,-0.58,-0.9,-0.7,5.44,COC(=O)c1ccc[n:1]c1,1.44
id376,-0.84,0.1,1.74,0.76,-0.39,-0.93,-0.6,3.32,C1C2CC3CC1CC(C2)C31[O:1]C11C2CC3CC(C2)CC1C3,1.44
id377,-0.71,0.22,1.55,0.87,-0.45,-0.9,-0.59,2.51,CC1CCC(=[O:1])O1,1.43
id378,-1.43,0.08,2.06,-0.41,-0.61,-0.57,-0.63,6.2,[NH2:1]Cc1cccc(c1)C(F)(F)F,1.43
id379,-1.06,0.2,2.12,0.69,-0.63,-1.26,-0.71,4.9,CN(C(C)=[N:1]c1ccc(Br)cc1)c1ccc(C)cc1,1.43
id380,-1.12,0.18,2.51,0.78,-0.64,-1.47,-0.91,5.25,c1ccc(cc1)-c1cccc[n:1]1,1.43
id381,-0.83,0.1,1.8,0.72,-0.39,-1.01,-0.67,3.66,CC1(C)CCC(C)(C)[O:1]1,1.43
id382,-1.13,0.13,2.08,0.43,-0.59,-1.03,-0.67,5.11,CN(C)C=[N:1]c1ccc(cc1)C(F)(F)F,1.43
id383,-1.07,0.15,2.19,0.75,-0.6,-1.34,-0.78,4.98,CN(C(=[N:1]c1ccc(C)cc1)c1ccccc1)c1ccc(Br)cc1,1.42
id384,-1.38,0.05,2.19,0.04,-0.59,-0.97,-0.75,6.11,CC(C)(C)c1cccc[n:1]1,1.42
id385,-1.35,-0.01,2.18,0.11,-0.55,-0.89,-0.72,5.61,O=C(c1ccccc1)c1ccc[n:1]c1,1.42
id386,-0.93,0.15,1.83,0.74,-0.48,-0.93,-0.66,3.39,[O:1]=C1CCCCCC1,1.41
id387,-1.16,0.1,2.36,0.79,-0.55,-1.4,-0.87,5.16,COc1cccc(c1)[N:1]=C(N(C)c1ccccc1)c1ccccc1,1.41
id388,-1.31,0.04,2.13,0.12,-0.58,-0.89,-0.7,5.57,CC(=O)c1cc[n:1]cc1,1.41
id389,-0.99,0.08,1.97,0.88,-0.48,-1.13,-0.73,3.54,[O:1]=CN(c1ccccc1)c1ccccc1,1.41
id390,-0.79,0.07,1.93,1.07,-0.4,-1.41,-0.73,2.98,COC(=[O:1])N(c1ccccc1)c1ccccc1,1.41
id391,-1.39,-0.11,2.78,0.7,-0.32,-1.24,-0.91,5.03,Cc1cccc(NC(=[N:1]c2ccccc2)c2ccccc2)c1,1.4
id392,-1.33,0.02,2.08,-0.07,-0.54,-0.77,-0.66,5.7,CC(=O)c1ccc[n:1]c1,1.39
id393,-0.9,0.16,1.78,0.73,-0.47,-0.89,-0.65,3.26,[O:1]=C1CCCCC1,1.39
id394,-0.86,0.11,1.73,0.71,-0.44,-0.94,-0.63,3.36,CC(=[O:1])C=Cc1ccccc1,1.38
id395,-1.23,-0.62,2.05,0.24,0.15,-0.91,-0.75,5.07,FC(F)(F)c1cccc(c1)C1CCC[NH:1]1,1.38
id396,-1.44,-0.03,2.18,-0.21,-0.46,-0.78,-0.68,5.94,C[N:1]1CCCC1c1ccccc1,1.38
id397,-1.07,0.17,2.23,0.8,-0.61,-1.31,-0.77,4.72,CN(C(C)=[N:1]c1ccccc1)c1ccc(Br)cc1,1.38
id398,-0.82,0.12,1.82,0.74,-0.38,-0.96,-0.67,3.68,CC12CCC(CC1)C(C)(C)[O:1]2,1.38
id399,-1.55,-0.15,2.46,-0.04,-0.54,-1.09,-0.75,6.77,CN(C)C=[N:1]c1ccccc1Br,1.37
id400,-1.55,-0.04,2.62,0.53,-0.67,-1.29,-0.8,5.99,Ic1ccc[n:1]c1,1.37
id401,-1.22,0.02,1.98,0.19,-0.53,-0.88,-0.65,5.03,c1csc[n:1]1,1.37
id402,-1.38,-0.02,2.03,-0.32,-0.49,-0.61,-0.6,5.83,C[NH:1]CCC#N,1.37
id403,-0.9,0.12,1.85,0.83,-0.44,-1.03,-0.69,3.36,[O:1]=C(C1CC1)C1CC1,1.36
id404,-0.85,0.1,1.78,0.77,-0.38,-0.92,-0.65,3.13,[O:1]=C1c2ccccc2Oc2ccccc12,1.36
id405,-0.82,0.14,1.71,0.81,-0.43,-0.89,-0.62,2.88,CC12CCC3C(CCC4CCCCC34C)C1CCC2=[O:1],1.36
id406,-0.99,0.2,2.04,0.7,-0.59,-1.21,-0.69,4.68,CN(C(C)=[N:1]c1ccc(Br)cc1)c1ccccc1,1.36
id407,-1.2,-0.28,2.22,0.47,-0.18,-1.23,-0.73,4.48,CC(Nc1ccccc1)=[N:1]c1ccc(Br)cc1,1.36
id408,-0.8,0.11,1.64,0.77,-0.4,-0.91,-0.57,2.97,C1C[O:1]C1,1.36
id409,-0.83,0.15,1.68,0.71,-0.45,-0.85,-0.6,3.13,CC12CCC3C(CCC4=CC(=O)C=CC34C)C1CCC2=[O:1],1.36
id410,-1.25,0.03,2.02,0.11,-0.54,-0.83,-0.67,5.26,Fc1ccc[n:1]c1,1.35
id411,-0.81,0.21,1.7,0.86,-0.52,-0.98,-0.6,2.88,CN(C)C(=[S:1])N(C)C,1.35
id412,-1.13,0.19,2.38,0.92,-0.58,-1.24,-0.79,4.75,COc1ccccc1C(C)=[O:1],1.34
id413,-1.6,0.04,2.64,-0.33,-0.56,-0.8,-0.78,6.98,C([NH:1]Cc1ccccc1)c1ccccc1,1.34
id414,-0.98,0.06,1.84,0.25,-0.42,-0.89,-0.62,4.6,C=CC[N:1](CC=C)CC=C,1.34
id415,-1.29,-0.05,2.31,0.43,-0.49,-1.11,-0.81,5.34,[N:1]#CN1CCOCC1,1.34
id416,-0.77,0.1,1.58,0.74,-0.4,-0.88,-0.56,2.96,CC1CCC[O:1]1,1.34
id417,-0.99,0.15,1.93,0.72,-0.5,-0.96,-0.71,3.66,COc1ccc(cc1)C(C)=[O:1],1.33
id418,-0.74,0.14,1.53,0.78,-0.42,-0.95,-0.59,2.58,CN(C)C(=[S:1])c1ccc(N)cc1,1.33
id419,-1.31,0.11,2.01,-0.09,-0.58,-0.6,-0.61,5.34,[NH2:1]CCC#N,1.33
id420,-1.39,-0.19,2.55,1.02,-0.54,-1.75,-1.01,4.94,CCN(CC)c1ccc(cc1)N=[O:1],1.33
id421,-1.06,0.03,1.59,-0.02,-0.41,-0.53,-0.44,4.08,C1N2CN3CN1C[N:1](C2)C3,1.33
id422,-1.06,0.03,1.99,0.73,-0.45,-1.07,-0.72,3.8,[O:1]=C1CCCO1,1.32
id423,-0.74,0.24,1.51,0.85,-0.53,-0.95,-0.56,2.63,CN1CCN(C)C1=[S:1],1.32
id424,-0.41,0.32,1.36,1.52,-0.48,-1.25,-0.64,1.24,CCOC(=O)N1C=CN(C)C1=[S:1],1.32
id425,-1.18,0.11,2.15,0.48,-0.58,-1.05,-0.7,4.95,CN(C)C=[N:1]c1ccc(cc1)C#N,1.32
id426,-0.86,0.16,1.75,0.75,-0.47,-0.93,-0.63,3.23,CC1(C)C2CCC1(C)C(=[O:1])C2,1.31
id427,-1.25,0.06,2.06,0.13,-0.56,-0.85,-0.7,5.37,Clc1ccc[n:1]c1,1.31
id428,-1.22,0.05,1.95,0.12,-0.54,-0.81,-0.63,5.06,Brc1ccc[n:1]c1,1.31
id429,-0.73,0.2,1.68,0.95,-0.45,-0.97,-0.64,2.66,[O:1]=C1Oc2ccccc2C=C1,1.3
id430,-0.9,0.13,1.8,0.7,-0.44,-0.92,-0.65,3.43,CC(=[O:1])C12CC3CC(CC(C3)C1)C2,1.3
id431,-0.84,0.11,1.76,0.81,-0.41,-0.96,-0.66,3.05,CC(=[O:1])c1ccc(cc1)C12CC3CC(CC(C3)C1)C2,1.3
id432,-1.17,0.03,1.95,0.25,-0.5,-0.86,-0.66,4.85,c1coc[n:1]1,1.3
id433,-1.14,-0.03,2.24,0.72,-0.34,-1.1,-0.74,4,N(C(=[N:1]c1ccccc1)c1ccccc1)c1ccccc1,1.29
id434,-1.07,0.04,1.82,0.29,-0.47,-0.86,-0.6,4.51,c1[n:1]c2ccccc2s1,1.29
id435,-1.15,0.11,2.31,0.52,-0.55,-1.29,-0.84,5.86,CC(C)(C)[N:1]=Cc1ccccc1,1.29
id436,-0.74,0.16,1.47,0.78,-0.42,-0.87,-0.55,2.45,CCN(CC)C(=[S:1])N(C)C,1.29
id437,-1.27,0.05,2.04,0.01,-0.55,-0.78,-0.65,5.54,Cc1c[n:1]c(C)cn1,1.29
id438,-1.44,-0.04,2.25,-0.47,-0.34,-0.38,-0.65,6.23,[NH2:1]Cc1cc(F)cc(F)c1,1.28
id439,-0.68,0.13,1.51,0.76,-0.39,-0.87,-0.56,2.79,C1CC[O:1]C1,1.28
id440,-0.84,0.16,1.73,0.74,-0.47,-0.89,-0.62,3.15,[O:1]=C1CCCC1,1.27
id441,-0.99,0.09,1.87,0.69,-0.48,-1.04,-0.7,3.83,COc1ccc(cc1)C(=[O:1])c1ccccc1,1.27
id442,-1.47,0.09,2.27,-0.29,-0.64,-0.68,-0.7,6.52,[NH2:1]Cc1cc(Cl)cc(Cl)c1,1.27
id443,-1.16,0.02,1.82,0.03,-0.43,-0.66,-0.62,4.73,C[N:1](C)Cc1cccc(F)c1,1.27
id444,-0.84,0.12,1.72,0.71,-0.41,-0.85,-0.61,3.31,[OH:1]C12CC3CC(CC(C3)C1)C2,1.27
id445,-1.27,0.17,2.03,-0.04,-0.66,-0.68,-0.61,5.58,[NH2:1]Cc1cccc(c1)[N+]([O-])=O,1.26
id446,-0.24,-0.05,0.82,0.89,0,-0.77,-0.32,0.84,ClP(Cl)(=[O:1])c1ccccc1,1.26
id447,-0.89,0.09,1.84,0.78,-0.4,-0.95,-0.68,3.28,[O:1]=C1c2ccccc2Cc2ccccc12,1.25
id448,-0.94,0.13,1.89,0.72,-0.46,-0.95,-0.69,3.6,CC(=[O:1])c1ccc(cc1)C(C)(C)C,1.25
id449,-0.95,0.12,1.88,0.7,-0.47,-0.94,-0.68,3.58,CCc1ccc(cc1)C(C)=[O:1],1.25
id450,-1.18,-0.28,2.29,0.54,-0.19,-1.27,-0.77,4.61,Fc1ccc(cc1)[N:1]=C(Nc1ccccc1)c1ccccc1,1.25
id451,-0.97,0.12,1.9,0.7,-0.48,-0.95,-0.69,3.62,CC(=[O:1])c1ccc(C)cc1,1.24
id452,-1.25,0.1,2.42,0.58,-0.64,-1.31,-0.84,5.41,CN(C(C)=[N:1]c1cccc(Cl)c1)c1ccccc1,1.24
id453,-1.17,-0.05,2.29,0.56,-0.26,-1.05,-0.74,4.37,CC(Nc1ccccc1)=[N:1]c1cccc(Br)c1,1.24
id454,-0.91,0.13,1.79,0.7,-0.46,-0.91,-0.65,3.41,[O:1]=C1CCCCCCCCCCC1,1.23
id455,-1.23,0.02,1.9,-0.07,-0.55,-0.92,-0.63,5.04,C[N:1]1C(C)(C)CCCC1(C)C,1.23
id456,-0.99,0.16,1.96,0.64,-0.56,-1.19,-0.68,4.77,COc1ccc(cc1)N(C)C(=[N:1]c1ccc(Br)cc1)c1ccccc1,1.23
id457,-0.79,0.11,1.64,0.73,-0.37,-0.86,-0.58,3.06,C1CC[O:1]CC1,1.23
id458,-0.94,-0.04,1.69,0.67,-0.29,-1.01,-0.62,3.24,CN(C)C=NC(=[S:1])c1ccccc1,1.23
id459,-1.29,0.02,2.3,0.51,-0.57,-1.19,-0.85,5.3,CN(C)c1ccc(cc1)C#[N:1],1.23
id460,-1.25,0,2.2,0.46,-0.54,-1.15,-0.82,5.15,CN(C)C=Nc1ccc(cc1)C#[N:1],1.23
id461,-0.85,0.09,1.7,0.89,-0.41,-1.04,-0.66,2.85,CC1COC(=[O:1])O1,1.22
id462,-0.89,0.16,1.77,0.7,-0.47,-0.89,-0.65,3.3,CCC(C)=[O:1],1.22
id463,-0.89,0.14,1.8,0.74,-0.46,-0.93,-0.66,3.35,[O:1]=C1CCCCCCCCCCCCCC1,1.22
id464,-0.96,0.15,1.72,0.62,-0.5,-0.87,-0.61,3.26,CN(C)C(C)=[S:1],1.22
id465,-1.17,-0.13,2.24,0.8,-0.36,-1.25,-0.75,4.24,CCCCS(=O)(=[O:1])CCCC,1.22
id466,-1.14,0.1,1.9,0.14,-0.55,-0.93,-0.65,5.34,c1ccc2[n:1]c3ccccc3nc2c1,1.22
id467,-0.95,0.12,1.89,0.71,-0.47,-0.94,-0.68,3.59,CC(C)c1ccc(cc1)C(C)=[O:1],1.21
id468,-0.95,0.15,1.89,0.7,-0.49,-0.94,-0.68,3.57,CSc1ccc(cc1)C(C)=[O:1],1.21
id469,-0.87,0.09,1.77,0.72,-0.42,-0.92,-0.64,3.32,CCCCC(=[O:1])CCCC,1.21
id470,-0.86,0.21,1.76,0.75,-0.5,-0.89,-0.66,3.24,CC1(C)CC(=[O:1])C=C(Cl)C1,1.21
id471,-0.88,0.14,1.79,0.76,-0.46,-0.93,-0.66,3.29,[O:1]=C1CCCCCCCCCC1,1.2
id472,-0.9,0.12,1.73,0.56,-0.43,-0.8,-0.61,3.42,CC(=[O:1])C1CCC2C3CCC4=CC(=O)CCC4(C)C3CCC12C,1.2
id473,-0.88,0.06,1.71,0.43,-0.39,-0.76,-0.51,3.56,CN(C)C=[N:1]c1ccc(cc1)[N+]([O-])=O,1.2
id474,-0.43,0.14,1.56,1.52,-0.31,-1.3,-0.64,1.56,C1C[O:1]CCOCCOCCOCCOCCO1,1.2
id475,-1.04,0.17,2.11,0.33,-0.61,-1.18,-0.76,5.37,ClCC[NH:1]CCCl,1.19
id476,-1.14,0.13,2.14,0.57,-0.65,-1.24,-0.7,4.89,CN(C(C)=[N:1]c1ccc(Br)cc1)c1ccc(Br)cc1,1.19
id477,-0.79,0.1,1.62,0.62,-0.37,-0.81,-0.58,3.28,C[O:1]C(C)(C)C,1.19
id478,-0.85,0.16,1.72,0.7,-0.45,-0.85,-0.63,3.21,CC(C)=[O:1],1.18
id479,-0.97,0.11,1.78,0.33,-0.47,-0.93,-0.63,4.5,c1ccc(cc1)-c1[n:1]c2ccccc2o1,1.18
id480,-1.09,0.07,1.87,0.48,-0.63,-1.27,-0.71,4.03,C([N:1]=Cc1ccccc1)c1ccccc1,1.18
id481,-0.97,0,1.86,0.79,-0.37,-1.07,-0.66,3.35,[O:1]=C(Oc1ccccc1)N(c1ccccc1)c1ccccc1,1.18
id482,-0.76,0.11,1.64,0.85,-0.34,-0.87,-0.59,2.65,[O:1]=C(C12CC3CC(CC(C3)C1)C2)C12CC3CC(CC(C3)C1)C2,1.17
id483,-0.7,0.08,1.57,0.91,-0.35,-0.95,-0.55,2.44,CN(C)C(=[O:1])C(Cl)(Cl)Cl,1.17
id484,-0.39,0.38,1.3,1.16,-0.41,-0.86,-0.5,1.33,[O:1]=S1(=O)CCCC1,1.17
id485,-0.67,0.18,1.64,1,-0.37,-0.99,-0.57,2.45,CCN(CC)S(=O)(=[O:1])N(CC)CC,1.17
id487,-1.28,0.07,1.98,-0.21,-0.58,-0.7,-0.61,5.64,C[N:1](C)Cc1cccc(c1)C(F)(F)F,1.16
id488,-0.65,0.21,1.43,0.8,-0.44,-0.84,-0.53,2.29,COc1ccc(cc1)C(=[S:1])N(C)C,1.16
id489,-0.75,0.18,1.62,0.79,-0.43,-0.88,-0.59,2.87,C[O:1]CCCN,1.16
id490,-0.79,0.04,1.91,1.02,-0.37,-1.21,-0.63,3.53,C[O:1]c1ccccc1OC,1.16
id491,-1.02,0.07,1.79,0.4,-0.48,-0.98,-0.66,4.62,c1ccc2c(c1)ccc1ccc[n:1]c21,1.16
id492,-0.68,0.12,1.5,0.8,-0.35,-0.83,-0.55,2.48,CC(C)OC(C)=[O:1],1.15
id493,-0.6,0.27,1.35,0.83,-0.45,-0.79,-0.51,2.05,CN(C)C(=[S:1])c1ccc(C)cc1,1.15
id494,-1.08,0.05,1.59,-0.16,-0.43,-0.44,-0.47,4.25,C[N:1](C)CCC#N,1.15
id495,-1.32,0,3.34,1.48,-0.58,-2.01,-1.14,6.25,c1ccc([n:1]c1)-c1ccccn1,1.15
id496,-0.84,0.14,1.74,0.75,-0.42,-0.86,-0.62,3.04,CCOC(=[O:1])C=Cc1ccccc1,1.14
id497,-1.2,0,1.86,-0.02,-0.5,-0.84,-0.57,4.99,CC[N:1](C1CCCCC1)C1CCCCC1,1.14
id498,-0.88,-0.01,1.82,0.3,-0.32,-1.03,-0.69,4.67,CC[N:1](C)Cc1cccc(F)c1,1.14
id499,-0.81,0.14,1.72,0.68,-0.4,-0.84,-0.62,3.33,CC(C)(C)[OH:1],1.14
id500,-0.84,0.17,1.6,0.66,-0.49,-0.88,-0.59,3.02,CNC(C)=[S:1],1.14
id501,-0.83,0.12,1.67,0.67,-0.41,-0.84,-0.6,3.21,[OH:1]C1CCCCC1,1.14
id502,-0.78,0.09,1.6,0.66,-0.34,-0.79,-0.56,2.79,CCOC(=[O:1])c1ccc(OC)cc1,1.13
id503,-0.95,0.01,1.82,0.83,-0.41,-1.13,-0.7,3.27,[O:1]=CC=Cc1ccccc1,1.13
id504,-0.91,0.12,1.81,0.68,-0.45,-0.92,-0.66,3.44,CC(=[O:1])c1ccc2ccccc2c1,1.13
id505,-1.31,0.12,2.35,0.42,-0.63,-1.23,-0.8,5.77,Clc1ccc(cc1)[N:1]=C(Nc1ccccc1)c1ccccc1,1.13
id506,-0.7,0.13,1.47,0.75,-0.37,-0.81,-0.53,2.56,C1CCC2[O:1]C2C1,1.13
id507,-0.69,-0.03,1.32,0.49,-0.23,-0.66,-0.43,2.54,C1COCCOCC[O:1]CCO1,1.13
id508,-1.11,0.12,2.12,0.57,-0.64,-1.31,-0.78,4.85,C[N:1](C)c1ccc(cc1)N(C)C,1.13
id509,-0.86,0.1,1.69,0.69,-0.38,-0.85,-0.6,3.03,CCOC(=[O:1])C1CC1,1.12
id511,-0.68,0.12,1.41,0.7,-0.34,-0.74,-0.51,2.48,COC(=[O:1])C1CC1,1.12
id512,-1.29,0.14,3.42,1.9,-0.68,-1.97,-1.1,4.97,C1COCCOCCOCCOCC[O:1]1,1.12
id513,-0.79,0.15,1.67,0.85,-0.42,-0.92,-0.64,2.77,COc1ccccc1C=[O:1],1.11
id514,-0.92,0.12,1.81,0.69,-0.46,-0.89,-0.66,3.44,CC(=[O:1])c1ccccc1,1.11
id515,-1.73,-0.35,2.92,0.16,-0.27,-1.11,-0.8,6.93,CN(C(=[N:1]c1ccc(Br)cc1)c1ccccc1)c1ccccc1,1.11
id516,-0.75,0.1,1.74,0.72,-0.33,-0.9,-0.64,3.4,CC(C)[O:1]C(C)C,1.11
id517,-1.24,0.09,1.96,-0.15,-0.59,-0.71,-0.61,5.5,C[N:1]1CCCC1c1cccnc1,1.11
id518,-1.32,0.01,1.98,-0.18,-0.51,-0.59,-0.59,5.29,C1CSC[NH:1]1,1.1
id519,-0.75,0.05,1.44,0.62,-0.33,-0.76,-0.48,2.77,C1C[O:1]CCN1,1.1
id520,-0.89,0.08,1.75,0.69,-0.44,-0.95,-0.64,3.38,COc1ccc(C=[O:1])cc1,1.1
id521,-0.94,0.13,1.87,0.7,-0.47,-0.9,-0.67,3.53,CC(=[O:1])c1cccc(C)c1,1.1
id522,-0.5,0.5,1.38,1.02,-0.65,-0.93,-0.45,1.66,CN(C)C=NC(=[S:1])SCc1ccccc1,1.1
id523,-0.67,0.06,1.47,0.8,-0.28,-0.83,-0.55,2.42,CC(=[O:1])OC(C)(C)C,1.1
id524,-0.82,0.07,1.66,0.67,-0.37,-0.82,-0.59,3.04,CCOC(=[O:1])C(C)C,1.09
id525,-0.77,0.16,1.64,0.76,-0.39,-0.84,-0.61,2.71,[O:1]=C1c2ccccc2-c2ccccc12,1.09
id526,-0.94,-0.07,1.9,0.39,-0.28,-1.13,-0.74,4.68,C[N:1]1CCCC1c1cccc(F)c1,1.09
id527,-0.72,0.07,1.4,0.61,-0.33,-0.76,-0.49,2.72,C[O:1]CCN,1.09
id528,-0.63,0.01,1.37,0.6,-0.16,-0.73,-0.49,2.69,CC[O:1]CCOCC,1.09
id529,-0.8,0.05,1.65,0.69,-0.33,-0.82,-0.59,2.99,CCOC(=[O:1])CC,1.08
id530,-0.84,0.11,1.72,0.78,-0.4,-0.89,-0.63,3.05,CC(C)C(=[O:1])C(C)C,1.08
id531,-0.72,0.09,1.61,0.85,-0.32,-0.9,-0.58,2.65,CC(C)(C)C(=[O:1])C12CC3CC(CC(C3)C1)C2,1.08
id532,-0.75,0.11,1.59,0.71,-0.32,-0.82,-0.57,2.74,COC(=[O:1])c1ccc(OC)cc1,1.08
id533,-0.81,0.1,1.72,0.66,-0.35,-0.87,-0.62,3.55,CC[O:1]C(C)(C)C,1.08
id534,-0.56,0.2,1.37,0.91,-0.4,-0.86,-0.54,2.07,CCN(CC)C(Cl)=[O:1],1.08
id535,-0.76,0.07,1.5,0.6,-0.36,-0.79,-0.54,2.97,CCOC(C)=[O:1],1.07
id536,-0.91,0.1,1.85,0.78,-0.46,-1.03,-0.67,3.42,[O:1]=C(c1ccccc1)c1ccccc1,1.07
id537,-0.93,0.16,1.87,0.79,-0.48,-0.96,-0.66,3.36,CCOS(=[O:1])OCC,1.07
id538,-1.14,-0.49,1.86,0.32,0.08,-0.94,-0.66,4.4,CC(Nc1ccc(Cl)cc1)=[N:1]c1ccc(Cl)cc1,1.07
id539,-1.19,0.02,1.88,0.11,-0.51,-0.78,-0.6,4.93,c1c[n:1]cnc1,1.07
id540,-0.81,0.08,1.65,0.69,-0.31,-0.78,-0.57,2.88,CCOC(=[O:1])C12CC3CC(CC(C3)C1)C2,1.06
id541,-0.57,0.22,1.33,0.86,-0.37,-0.76,-0.5,1.98,CCN(CC)C(=[O:1])C(F)(F)F,1.06
id542,0.58,0.34,0.08,0.47,0.39,0.37,-0.08,-0.37,COc1ccccc1C#[N:1],1.06
id543,-0.82,0.12,1.62,0.65,-0.4,-0.82,-0.58,3.17,CC(C)[OH:1],1.06
id544,-1.23,0.07,2.3,0.77,-0.56,-1.22,-0.81,4.54,COC(=[O:1])C1CCCCC1,1.06
id545,-0.72,0.13,1.48,0.71,-0.34,-0.76,-0.54,2.54,CN1C(=[O:1])CCC1=O,1.06
id547,-1.16,0.04,2.15,0.72,-0.54,-1.15,-0.76,4.31,CCOC(=[O:1])Cc1ccccc1,1.05
id548,-0.7,0.09,1.55,0.79,-0.34,-0.85,-0.55,2.54,CCOC(=[O:1])c1ccc(C)cc1,1.05
id549,-1.31,0.09,2.32,0.39,-0.58,-1.2,-0.8,5.67,Clc1cccc(c1)[N:1]=C(Nc1ccccc1)c1ccccc1,1.05
id550,-0.88,0.16,1.89,0.65,-0.49,-1.13,-0.71,4.16,CN(C(C)=[N:1]c1cccc(Cl)c1)c1cccc(Cl)c1,1.05
id551,-1.26,0.01,2.19,0.3,-0.52,-0.98,-0.72,5.15,Clc1cccc[n:1]1,1.05
id553,-0.53,0.1,1.16,0.63,-0.19,-0.49,-0.43,1.56,CCC1(C)CC(=[O:1])NC(=O)C1,1.05
id554,-0.7,0.24,1.5,0.64,-0.39,-0.59,-0.53,2.57,[O-][N+](=O)c1cc[n+]([O-:1])cc1,1.05
id555,-1.3,-0.05,1.99,-0.21,-0.52,-1.04,-0.68,5.79,CC[N:1](C(C)C)C(C)C,1.05
id556,-0.81,0.06,1.62,0.7,-0.33,-0.81,-0.57,2.84,CCOC(=[O:1])C(C)(C)C,1.04
id557,-0.79,0.01,1.57,0.72,-0.29,-0.85,-0.56,2.7,CN(C)C(=[O:1])C(F)(F)F,1.04
id558,-0.78,0.08,1.62,0.78,-0.37,-0.93,-0.62,2.95,CCC(=[O:1])c1ccccc1,1.04
id559,-0.91,0.05,1.61,0.41,-0.39,-0.86,-0.57,3.74,CCCC(=[O:1])c1ccccc1,1.04
id560,-0.82,0.08,1.64,0.69,-0.39,-0.84,-0.59,3.17,CCCCCCCC[OH:1],1.04
id561,-1.24,0.11,2.03,-0.22,-0.57,-0.71,-0.62,5.86,CC[N:1](C)Cc1cccc(c1)C(F)(F)F,1.03
id562,-1.11,-0.01,1.96,0.4,-0.51,-0.96,-0.65,4.53,Brc1cccc[n:1]1,1.03
id563,-1.15,-0.01,2,0.4,-0.48,-0.99,-0.72,4.69,[N:1]#CC1CC1,1.03
id564,-0.78,0.13,1.57,0.67,-0.4,-0.79,-0.58,3.03,CC[OH:1],1.02
id565,-0.47,0.23,1.11,0.8,-0.38,-0.73,-0.41,1.45,CN(C)C(=[S:1])c1ccccc1,1.02
id566,-0.69,0.04,1.35,0.56,-0.3,-0.71,-0.47,2.65,C[O:1]CCOC,1.02
id567,-0.82,0.09,1.58,0.58,-0.41,-0.79,-0.56,3.17,CCCC[OH:1],1.02
id568,-0.79,0.09,1.6,0.67,-0.36,-0.84,-0.57,3.1,CC[O:1]CC,1.01
id569,-0.69,0.04,1.45,0.69,-0.28,-0.84,-0.53,2.7,CCOC(=[O:1])c1cccc(C)c1,1.01
id570,-0.74,0.1,1.47,0.61,-0.35,-0.76,-0.54,2.87,COC(C)=[O:1],1
id571,-0.81,0.15,1.62,0.72,-0.44,-0.85,-0.59,2.98,[O:1]=C1CCC1,1
id572,-0.86,0.14,1.71,0.65,-0.42,-0.81,-0.62,3.22,CC(=[O:1])c1ccc(F)cc1,1
id573,-0.9,-0.05,1.7,0.67,-0.32,-0.93,-0.59,3.1,CN(C)C(Cl)=[O:1],1
id574,-1.13,-0.01,1.99,0.39,-0.48,-0.97,-0.72,4.68,CC(C)C#[N:1],1
id575,-1.17,-0.01,2.07,0.42,-0.49,-1.02,-0.74,4.84,[N:1]#CC12CC3CC(CC(C3)C1)C2,1
id576,-0.43,-0.42,1.03,1.52,0.23,-1.21,-0.48,0.92,[S:1]=P(c1ccccc1)(c1ccccc1)c1ccccc1,1
id577,-0.77,0.09,1.58,0.73,-0.37,-0.89,-0.58,2.91,C[O:1]CCN=CN(C)C,1
id578,-1.04,0.09,1.96,0.55,-0.51,-1.01,-0.7,4.31,CN(C)C=NCCC#[N:1],1
id579,-0.5,0.28,1.39,1.2,-0.37,-1.02,-0.52,1.47,CN(C)S(C)(=O)=[O:1],1
id580,-0.83,0.08,1.61,0.65,-0.39,-0.83,-0.58,3.14,CCC[OH:1],1
id581,-1.29,-0.1,2.4,0.4,-0.43,-1.29,-0.75,5.61,CN(C(=[N:1]c1ccc(Br)cc1)c1ccccc1)c1ccc(Br)cc1,0.99
id582,-1.14,-0.02,2.02,0.38,-0.48,-0.99,-0.73,4.75,CC(C)(C)C#[N:1],0.99
id583,-0.76,0.13,1.58,0.73,-0.39,-0.84,-0.58,2.84,COCCNCC[O:1]C,0.99
id584,-0.55,0.19,1.25,0.82,-0.37,-0.8,-0.49,2.02,CC1CC(=[O:1])O1,0.97
id585,-1.15,0,2.06,0.39,-0.49,-1.01,-0.75,4.83,COc1ccc(cc1)C#[N:1],0.97
id586,-0.69,0.15,1.43,0.7,-0.36,-0.72,-0.51,2.54,CC1C[O:1]1,0.97
id587,-0.67,0,1.39,0.58,-0.3,-0.88,-0.51,2.7,CC(C)(C)OC(=[O:1])c1ccccc1,0.97
id588,-0.83,0.06,1.57,0.59,-0.39,-0.78,-0.55,3.13,[OH:1]CCc1ccccc1,0.97
id589,-1.15,-0.02,2.03,0.4,-0.49,-1.01,-0.73,4.75,[N:1]#CC1CCCCC1,0.97
id590,-0.75,0.07,1.53,0.68,-0.33,-0.82,-0.53,2.88,CN1CC[O:1]CC1,0.96
id591,-0.83,0.07,1.68,0.71,-0.39,-0.9,-0.62,3.15,CC(C)(C)C(=[O:1])C(C)(C)C,0.96
id592,-0.98,0.08,1.8,0.63,-0.53,-1.07,-0.65,3.82,Fc1cccc[n:1]1,0.95
id593,-0.68,0.04,1.45,0.7,-0.28,-0.82,-0.53,2.58,CCOC(=[O:1])c1ccccc1,0.94
id594,-0.92,0.13,1.82,0.76,-0.47,-0.99,-0.64,3.36,COS(=[O:1])OC,0.94
id595,-0.33,-0.33,1.1,1.48,0.37,-0.82,-0.4,0.39,[Se:1]=P(c1ccccc1)(c1ccccc1)c1ccccc1,0.94
id596,-0.87,0.14,1.72,0.62,-0.43,-0.81,-0.63,3.29,CC(=[O:1])c1ccc(Cl)cc1,0.93
id597,-1.13,-0.02,1.98,0.36,-0.47,-0.96,-0.72,4.71,CCC#[N:1],0.93
id598,-1.2,-0.01,2.1,0.31,-0.49,-0.99,-0.76,5.09,C[Si](C)(C)C#[N:1],0.93
id599,-0.92,0.24,1.54,-0.12,-0.25,-0.09,-0.57,3.74,C[N:1]1CCCC1c1cccc(c1)C(F)(F)F,0.92
id600,-1.2,0.04,1.9,0.05,-0.53,-0.74,-0.61,5.13,N#Cc1cc[n:1]cc1,0.92
id601,-0.85,0.11,1.66,0.61,-0.4,-0.77,-0.6,3.18,CC(=O)c1ccc(cc1)C(C)=[O:1],0.92
id602,-0.71,0.1,1.58,1.02,-0.38,-1.04,-0.59,2.29,CC(C)C12CCC(C)(O[O:1]1)C=C2,0.92
id603,-1.14,-0.02,2.01,0.36,-0.46,-0.98,-0.73,4.78,CCCCC#[N:1],0.92
id604,-1.19,0.01,1.84,0.03,-0.52,-0.76,-0.58,5.01,c1c[n:1]ccn1,0.92
id605,-1.13,0,1.97,0.34,-0.47,-0.97,-0.72,4.66,CC#[N:1],0.91
id606,-0.98,0.09,1.84,1.16,-0.6,-1.54,-0.74,2.91,O=S(=[O:1])(c1ccccc1)c1ccccc1,0.91
id607,-0.8,0.18,1.59,0.68,-0.45,-0.78,-0.58,2.92,CC(=[O:1])c1cccnc1,0.9
id608,-0.82,0.19,1.7,0.81,-0.49,-0.95,-0.63,3.05,CC(=[O:1])c1ccccc1Cl,0.9
id609,-0.49,0.29,1.32,1,-0.39,-0.85,-0.56,1.75,CCN(CC)c1ccc(cc1)[N+]([O-:1])=O,0.9
id610,-0.69,0.11,1.5,0.72,-0.35,-0.78,-0.55,2.56,COC(=[O:1])c1ccccc1,0.89
id611,-1.14,-0.02,1.99,0.35,-0.48,-0.97,-0.72,4.77,CCCC#[N:1],0.89
id612,-1.14,-0.02,2.02,0.38,-0.47,-0.99,-0.72,4.77,CCCCCC#[N:1],0.89
id613,-1.04,0.09,1.85,1.09,-0.61,-1.52,-0.75,3.11,CN(C)S(=O)(=[O:1])c1ccccc1,0.89
id614,-0.61,0.08,1.28,0.63,-0.25,-0.63,-0.44,2.12,CCOC(=[O:1])OCC,0.88
id615,-0.71,0.07,1.54,0.65,-0.28,-0.8,-0.56,3,CCCC[O:1]CCCC,0.88
id616,-0.64,0.05,1.37,0.65,-0.24,-0.67,-0.49,2.35,CCOC(=[O:1])c1ccc(F)cc1,0.88
id617,-1.15,-0.01,2,0.38,-0.48,-1,-0.73,4.76,Cc1ccc(cc1)C#[N:1],0.88
id618,-1.17,-0.02,2.03,0.37,-0.47,-0.99,-0.73,4.83,[N:1]#CC1CCCC1,0.88
id619,-1.07,0.16,2.19,0.7,-0.62,-1.23,-0.69,4.63,Brc1ccc(NC(=[N:1]c2ccc(Br)cc2)c2ccccc2)cc1,0.87
id620,-1.11,-0.02,1.95,0.36,-0.46,-0.95,-0.7,4.61,C=CCC#[N:1],0.87
id621,-0.64,0.29,1.49,0.92,-0.46,-0.8,-0.52,2.09,[O:1]=S1OCCO1,0.87
id622,-1.21,0.09,2.24,0.53,-0.64,-1.24,-0.76,5.04,C(=[N:1]c1ccccc1)c1ccccc1,0.87
id623,-1.1,0.01,1.95,0.37,-0.48,-0.95,-0.71,4.63,ClCCCCC#[N:1],0.87
id625,-1.15,-0.04,2.01,0.38,-0.46,-0.98,-0.73,4.73,COc1ccc(CC#[N:1])cc1,0.87
id626,-0.88,0,1.63,0.66,-0.33,-0.91,-0.6,3.03,[O:1]=C1CCO1,0.86
id627,-1.15,-0.01,2.02,0.35,-0.49,-1,-0.73,4.85,Cc1cccc(C)c1C#[N:1],0.86
id628,-1.09,-0.37,1.99,0.32,-0.04,-1.03,-0.63,4.05,[O-][N+](=O)c1cccc(c1)[N:1]=C(Nc1ccccc1)c1ccccc1,0.86
id629,-0.81,0.26,1.7,0.81,-0.53,-0.92,-0.65,3.02,CC(=[O:1])c1cccc(c1)C(C)=O,0.86
id630,-0.71,0.1,1.47,0.67,-0.35,-0.74,-0.53,2.66,[OH:1]Cc1ccccc1,0.86
id632,-1.13,-0.01,1.98,0.38,-0.48,-0.99,-0.72,4.7,Cc1cccc(c1)C#[N:1],0.85
id633,-0.6,0.07,1.25,0.61,-0.26,-0.61,-0.44,2.12,CCOC(=[O:1])OC,0.84
id634,-1.14,-0.02,2.02,0.4,-0.48,-1.05,-0.74,4.76,Cc1ccc(CC#[N:1])cc1,0.84
id635,-0.69,0.12,1.5,0.74,-0.34,-0.78,-0.56,2.56,CC(=[O:1])c1cccc(F)c1,0.83
id636,-1.13,0,1.97,0.37,-0.49,-1,-0.73,4.72,Cc1ccccc1C#[N:1],0.83
id637,-1.3,-0.09,2.42,0.51,-0.46,-1.28,-0.82,5,C#CC[N:1](CC#C)CC#C,0.83
id638,-1.12,-0.04,1.94,0.3,-0.41,-0.88,-0.7,4.68,ClCCCC#[N:1],0.83
id639,-1.12,0.01,1.98,0.4,-0.47,-0.98,-0.73,4.67,[N:1]#Cc1ccc(cc1)-c1ccccc1,0.83
id640,-0.56,0.1,1.22,0.63,-0.27,-0.61,-0.43,2.07,COC(=[O:1])OC,0.82
id641,-0.86,0.13,1.68,0.6,-0.4,-0.77,-0.62,3.21,CC(=[O:1])c1cccc(Cl)c1,0.82
id642,-0.8,0.1,1.56,0.64,-0.39,-0.81,-0.57,3.07,C[OH:1],0.82
id643,0.4,0.06,-0.94,1.5,-0.43,-1.42,0.23,-2.59,CN(C)[N+]([O-:1])=O,0.82
id644,-1.15,0.03,1.82,0.06,-0.5,-0.71,-0.58,4.89,N#Cc1ccc[n:1]c1,0.82
id645,-1.12,-0.06,1.91,0.29,-0.42,-0.89,-0.69,4.65,Clc1ccc(CC#[N:1])cc1,0.82
id646,-1.13,-0.01,1.87,0.26,-0.41,-0.78,-0.64,4.44,c1c[n:1]oc1,0.81
id647,-1.13,0.01,1.97,0.43,-0.51,-1.05,-0.74,4.64,[N:1]#CCc1ccccc1,0.81
id648,-1.11,-0.01,1.96,0.36,-0.44,-0.94,-0.71,4.64,[N:1]#Cc1ccccc1,0.8
id649,-1.11,0,1.93,0.39,-0.48,-1.01,-0.72,4.56,COc1cccc(c1)C#[N:1],0.8
id650,-0.99,0.14,1.72,0.43,-0.59,-0.99,-0.63,3.91,C1Cc2ccccc2[NH:1]1,0.79
id651,-1.09,-0.04,1.87,0.31,-0.41,-0.89,-0.68,4.5,CNCC#[N:1],0.79
id652,-0.73,0.12,1.47,0.63,-0.37,-0.75,-0.55,2.85,[OH:1]CC=C,0.79
id653,-0.67,0.05,1.4,0.62,-0.24,-0.65,-0.49,2.36,CCOC(=[O:1])c1ccc(Br)cc1,0.78
id654,-0.7,0.15,1.52,0.75,-0.38,-0.79,-0.56,2.49,[O:1]=Cc1ccccc1,0.78
id655,-0.77,0.14,1.53,0.59,-0.39,-0.68,-0.56,2.9,CC(=[O:1])c1ccc(cc1)C(F)(F)F,0.78
id656,-0.75,0.14,1.51,0.6,-0.38,-0.7,-0.54,2.81,CC(=[O:1])c1ccncc1,0.78
id657,-1.08,-0.01,1.88,0.36,-0.45,-0.92,-0.69,4.53,COc1cc(OC)cc(c1)C#[N:1],0.78
id658,-0.95,0.08,1.77,0.49,-0.44,-0.91,-0.67,3.91,[N:1]#COc1ccccc1,0.77
id659,-1.06,-0.07,1.81,0.24,-0.38,-0.82,-0.62,4.44,CSCC#[N:1],0.77
id660,-1.08,0.01,1.88,0.38,-0.46,-0.93,-0.68,4.45,Fc1ccc(CC#[N:1])cc1,0.77
id661,-1.07,-0.02,1.88,0.34,-0.43,-0.91,-0.68,4.45,CN(C)CC#[N:1],0.76
id662,-0.38,0.31,1.57,1.74,-0.39,-1.13,-0.47,0.47,CCOP(=[S:1])(OCC)OCC,0.76
id663,-0.74,0,1.42,0.51,-0.24,-0.64,-0.51,2.58,CCOC(=[O:1])c1ccc(cc1)C(=O)OCC,0.76
id664,-0.85,-0.06,1.8,0.77,-0.13,-0.79,-0.54,2.7,ClC(=[O:1])N(c1ccccc1)c1ccccc1,0.75
id665,-0.67,0.09,1.63,0.66,-0.27,-0.92,-0.6,3.45,CC(C)(C)[O:1]C(C)(C)C,0.75
id666,-1.07,0,1.88,0.35,-0.43,-0.91,-0.67,4.43,BrCc1ccc(cc1)C#[N:1],0.75
id667,-0.53,0.1,1.18,0.65,-0.26,-0.59,-0.42,1.91,CCOC(=[O:1])CF,0.74
id669,-0.96,0.05,1.74,0.43,-0.43,-0.88,-0.63,3.94,CSC#[N:1],0.73
id670,-0.84,-0.07,1.6,0.6,-0.26,-0.88,-0.57,3.05,CCSC(=[O:1])OC,0.73
id671,-0.57,0.12,1.21,0.61,-0.27,-0.57,-0.41,2.14,C1C[O:1]CCO1,0.73
id672,-1.03,-0.03,1.75,0.21,-0.38,-0.78,-0.62,4.35,ClCCC#[N:1],0.73
id673,-1.03,-0.01,1.81,0.34,-0.42,-0.86,-0.65,4.31,Brc1ccc(cc1)C#[N:1],0.73
id674,-0.76,0.2,1.54,0.64,-0.45,-0.75,-0.57,2.85,CC(=[O:1])c1cccc(c1)C(F)(F)F,0.72
id675,-1.05,-0.02,1.84,0.32,-0.43,-0.88,-0.66,4.39,Fc1ccc(cc1)C#[N:1],0.72
id676,-0.49,0.13,1.1,0.55,-0.23,-0.48,-0.37,1.66,CCOC(=[O:1])N1C=CN(C)C1=S,0.72
id677,-0.4,0.27,1.21,1.03,-0.31,-0.81,-0.46,1.39,CCOS(C)(=[O:1])=O,0.72
id678,-1.07,-0.04,1.87,0.35,-0.41,-0.9,-0.66,4.4,Brc1ccc(CC#[N:1])cc1,0.72
id679,-1.08,-0.05,1.83,0.33,-0.41,-0.92,-0.66,4.44,Brc1ccccc1C#[N:1],0.71
id680,-1.11,0.07,1.66,-0.1,-0.47,-0.5,-0.5,4.62,[NH2:1]CC(F)(F)F,0.71
id681,-0.71,0.15,1.37,0.66,-0.52,-1.02,-0.54,2.69,C1C[NH:1]c2ccccc2C1,0.7
id682,-0.81,0.04,1.58,0.55,-0.33,-0.77,-0.55,3.18,C=CC[O:1]CC=C,0.7
id683,-1.1,-0.01,1.88,0.33,-0.45,-0.92,-0.68,4.51,C=CC#[N:1],0.7
id684,-1.09,0.02,1.93,0.41,-0.48,-0.96,-0.71,4.49,NCCC#[N:1],0.7
id685,-1.05,-0.02,1.85,0.35,-0.44,-0.9,-0.66,4.38,BrCc1cccc(c1)C#[N:1],0.7
id687,-0.94,0.11,1.8,0.5,-0.53,-1.08,-0.65,4.07,C[N:1](C)c1ccc(C)cc1,0.69
id688,-0.97,0.1,1.77,0.54,-0.52,-0.99,-0.68,4,BrCc1ccccc1C#[N:1],0.69
id689,-0.73,0.08,1.47,0.78,-0.35,-0.88,-0.57,2.45,[O:1]=C1OC=CO1,0.69
id690,-0.89,0.09,1.66,0.63,-0.44,-0.9,-0.61,3.27,CC(=[O:1])C#C,0.68
id691,-0.72,-0.04,1.27,0.13,-0.25,-0.54,-0.39,2.95,C1CC[N:1](CC1)c1ccccc1,0.68
id692,-1.03,0.04,1.84,0.63,-0.49,-1.05,-0.69,3.81,c1[n:1]oc2ccccc12,0.68
id693,-0.75,0.13,1.6,0.7,-0.38,-0.83,-0.56,2.82,[O:1]=C(c1ccccc1)c1cccnc1,0.68
id694,-0.53,0.15,1.21,0.65,-0.31,-0.61,-0.44,1.99,CCN1C(=[O:1])C=CC1=O,0.68
id695,-0.56,0.09,1.19,0.6,-0.26,-0.61,-0.43,2.07,CCOC(=[O:1])CCl,0.67
id696,-1.03,0.02,1.88,0.45,-0.47,-0.98,-0.69,4.36,Clc1ccccc1C#[N:1],0.67
id697,-1.19,-0.12,2.06,0.51,-0.4,-1.03,-0.67,4.49,ICC#[N:1],0.67
id698,-0.74,0.02,1.4,0.53,-0.3,-0.74,-0.49,2.77,CCOC=[O:1],0.66
id699,-0.59,0.15,1.22,0.6,-0.3,-0.57,-0.45,2.05,CC(=[O:1])CCl,0.66
id700,-1.06,-0.01,1.86,0.32,-0.42,-0.86,-0.67,4.43,Clc1ccc(cc1)C#[N:1],0.66
id701,-1.04,-0.01,1.81,0.36,-0.45,-0.88,-0.66,4.3,CCOC(=O)c1ccc(cc1)C#[N:1],0.66
id702,-0.71,0.17,1.45,0.65,-0.38,-0.73,-0.54,2.65,CC=[O:1],0.65
id703,-0.81,0.12,1.55,0.6,-0.41,-0.77,-0.58,3.1,[OH2:1],0.65
id704,-1.01,0,1.8,0.35,-0.45,-0.87,-0.64,4.25,CC(=O)c1ccc(cc1)C#[N:1],0.65
id705,-0.61,0.15,1.74,1.32,-0.29,-1.28,-0.71,1.92,C([O:1]Cc1ccccc1)c1ccccc1,0.65
id706,-0.75,0.17,1.52,0.71,-0.38,-0.75,-0.49,2.53,CCOC(=[O:1])C(=O)OCC,0.65
id707,-0.57,0.16,1.26,0.72,-0.35,-0.66,-0.48,2.01,COC=[O:1],0.65
id708,-1.01,0.02,1.82,0.35,-0.43,-0.88,-0.67,4.34,Clc1cccc(c1)C#[N:1],0.65
id709,-1,0.01,1.76,0.37,-0.43,-0.86,-0.63,4.09,Brc1cccc(c1)C#[N:1],0.65
id710,-1.09,-0.07,1.87,0.3,-0.39,-0.88,-0.67,4.47,Fc1ccccc1C#[N:1],0.64
id711,-0.57,0.17,1.27,0.73,-0.34,-0.71,-0.48,2.03,CCOC(=[O:1])C#C,0.63
id712,-0.8,0.09,1.58,0.62,-0.37,-0.8,-0.58,3.02,Clc1ccc(C=[O:1])cc1,0.63
id713,-0.6,0.14,1.27,0.7,-0.31,-0.67,-0.44,2.17,C1COC[O:1]C1,0.63
id714,-0.63,0.02,1.43,0.86,-0.27,-0.91,-0.51,2.22,C1C2CC3CC1CC(C2)C31[O:1]OC11C2CC3CC(C2)CC1C3,0.63
id715,-1.02,0.03,1.8,0.45,-0.47,-0.95,-0.68,4.11,[N:1]#Cc1ccccn1,0.61
id716,-0.66,0.1,1.38,0.61,-0.31,-0.66,-0.49,2.46,CC(=[O:1])c1ccc(cc1)C#N,0.6
id717,-0.68,0.02,1.23,-0.06,-0.21,-0.52,-0.44,4.06,CN(C)C=[N:1]c1cc(cc(c1)[N+]([O-])=O)[N+]([O-])=O,0.6
id718,-0.96,0.04,1.51,0.1,-0.4,-0.57,-0.46,3.94,Brc1c[n:1]cnc1,0.59
id719,-0.34,0.23,0.84,0.53,-0.19,-0.32,-0.33,0.79,COP(=[S:1])(OC)OC,0.58
id720,-0.62,-0.03,1.75,1.55,-0.31,-1.47,-0.68,1.97,C[O:1]COC,0.58
id721,-0.72,0.15,1.43,0.52,-0.37,-0.62,-0.51,2.75,CC(=[O:1])c1ccc(cc1)[N+]([O-])=O,0.57
id722,-0.9,0.14,1.72,0.62,-0.53,-1.05,-0.68,3.73,FC(F)(F)c1ccccc1C#[N:1],0.57
id723,-0.87,0.04,1.54,0.39,-0.41,-0.8,-0.57,3.57,BrCC#[N:1],0.57
id724,-1.42,-0.08,1.9,-0.34,-0.52,-0.63,-0.58,5.77,Cc1ccc([NH2:1])cc1,0.56
id725,0.9,0.26,-0.72,0.72,0.25,0.45,0.38,-4.26,ClP(Cl)(Cl)=[O:1],0.56
id726,-0.59,0.22,1.32,0.91,-0.4,-0.81,-0.55,1.93,CC(=O)OC(C)=[O:1],0.55
id727,-0.65,-0.07,1.64,1.46,-0.32,-1.5,-0.65,2,C[O:1]C(OC)OC,0.55
id728,-0.57,0.16,1.23,0.79,-0.38,-0.77,-0.48,2.11,[OH:1]CCF,0.55
id729,-0.97,-0.01,1.69,0.29,-0.39,-0.78,-0.61,4.12,FC(F)(F)c1ccc(cc1)C#[N:1],0.54
id730,0.81,-0.04,-0.87,0.37,0.5,0.44,0.22,-3.45,[OH:1]CCBr,0.54
id731,-1,-0.05,1.72,0.28,-0.39,-0.8,-0.61,4.14,FC(F)(F)c1cccc(c1)C#[N:1],0.53
id732,-0.68,0.04,1.29,0.58,-0.3,-0.71,-0.45,2.5,C1CC=C[O:1]1,0.53
id733,-0.57,0.12,1.2,0.55,-0.28,-0.56,-0.42,2.2,CCOC(=[O:1])c1ccc(cc1)C#N,0.53
id734,-0.99,0.02,1.73,0.33,-0.42,-0.84,-0.62,4.14,[N:1]#Cc1cccnc1,0.53
id735,-0.97,0.01,1.71,0.28,-0.39,-0.76,-0.62,4.13,Clc1cc(Cl)cc(c1)C#[N:1],0.52
id736,-0.6,0.11,1.31,0.62,-0.29,-0.64,-0.46,2.28,COC(=[O:1])c1cccnc1,0.51
id737,-0.58,0.15,1.21,0.58,-0.33,-0.56,-0.44,2.07,[O:1]=C1C=CC(=O)C=C1,0.51
id738,-0.54,0.13,1.18,0.57,-0.27,-0.53,-0.44,2.1,[OH:1]CCCl,0.5
id739,-0.97,0.08,1.61,0.44,-0.4,-0.68,-0.53,3.13,CN(C)C(Cl)=[S:1],0.5
id740,-0.31,0.28,0.98,0.78,-0.31,-0.61,-0.41,1.15,COc1ccc(cc1)[N+]([O-:1])=O,0.5
id741,-0.56,0.06,1.19,0.52,-0.19,-0.5,-0.41,2.01,CCOC(=[O:1])c1ccc(cc1)[N+]([O-])=O,0.5
id742,-0.69,0.08,1.51,0.82,-0.24,-0.88,-0.53,2.15,CCOS(=[O:1])(=O)OCC,0.5
id743,-0.51,0.22,1.29,0.93,-0.35,-0.82,-0.56,1.76,CN(C)C=Nc1ccc(cc1)[N+]([O-:1])=O,0.48
id744,-1.12,0.02,1.85,0.22,-0.46,-0.8,-0.61,4.47,N#Cc1cccc[n:1]1,0.48
id745,-0.32,0.11,1.13,1.05,-0.25,-0.87,-0.43,1.03,[F:1]C1C2CC3CC(C2)C([F:1])C1C3,0.48
id746,-0.99,-0.01,1.72,0.27,-0.38,-0.79,-0.61,4.16,[N:1]#Cc1cccc(c1)C#N,0.48
id747,-1.37,-0.06,1.93,-0.34,-0.52,-0.62,-0.59,5.76,Cc1cccc(C)c1[NH2:1],0.47
id748,-0.96,-0.01,1.66,0.28,-0.38,-0.77,-0.59,3.99,[N:1]#Cc1ccncc1,0.47
id749,-1.06,0.13,1.77,0.43,-0.59,-0.99,-0.64,4.03,[NH2:1]c1ccccc1,0.46
id750,-0.68,-0.04,1.26,0.89,-0.4,-1.22,-0.58,2.25,Cc1ccc(cc1C)[N+]([O-:1])=O,0.46
id751,-0.58,0.08,1.17,0.63,-0.26,-0.63,-0.4,2.05,C1C[O:1]CO1,0.45
id752,-0.55,0.08,1.19,0.59,-0.24,-0.59,-0.41,2.14,CC[O:1]CCCl,0.44
id753,-0.58,0.14,1.29,0.73,-0.34,-0.78,-0.48,2.19,[O:1]=C(C(=O)c1ccccc1)c1ccccc1,0.44
id754,-1.26,-0.06,1.78,-0.28,-0.45,-0.57,-0.53,5.24,C[NH:1]c1ccc(C)cc1,0.43
id755,-0.92,0.04,1.61,0.3,-0.43,-0.77,-0.58,3.91,[O-][N+](=O)c1cccc(c1)C#[N:1],0.43
id756,-0.32,0.25,0.96,0.74,-0.28,-0.57,-0.41,1.16,[O-:1][N+](=O)c1ccc(cc1)C12CC3CC(CC(C3)C1)C2,0.42
id757,-0.34,0.23,0.88,0.58,-0.25,-0.41,-0.35,1.18,CC(C)(C)[N+]([O-:1])=O,0.42
id758,-0.9,0.12,1.72,0.51,-0.54,-1.09,-0.63,3.93,C[N:1](C)c1cccc(C)c1,0.41
id759,-0.68,0.03,1.27,0.55,-0.29,-0.7,-0.46,2.53,C1C[O:1]C=CC1,0.41
id760,-0.63,0.06,1.21,0.53,-0.27,-0.61,-0.45,2.19,CC(C)[N+]([O-:1])=O,0.41
id761,-0.7,0.15,1.38,0.58,-0.34,-0.67,-0.52,2.73,CC(C)(C)[S:1]C(C)(C)C,0.4
id762,-1.44,-0.1,1.82,-0.51,-0.47,-0.51,-0.55,5.92,CCc1cccc(CC)c1[NH2:1],0.39
id763,-0.69,0.13,1.35,0.62,-0.51,-0.98,-0.53,2.79,C[N:1](C)c1ccccc1,0.39
id764,-0.15,0.06,0.84,0.97,-0.13,-0.84,-0.3,0.63,C1C[N:1]2CCCc3cccc(C1)c23,0.39
id765,-0.91,0.01,1.61,0.32,-0.39,-0.76,-0.6,3.84,ClCC#[N:1],0.39
id766,-0.8,-0.02,1.38,0.27,-0.3,-0.63,-0.46,3.12,[OH:1]CC#C,0.38
id767,-0.9,0.2,1.64,0.57,-0.59,-0.99,-0.66,3.64,[N:1]#Cc1ccccc1C#N,0.38
id768,-1.13,0.17,1.97,0.45,-0.66,-1.09,-0.72,4.45,CC(C)c1cccc(C(C)C)c1[NH2:1],0.37
id769,-0.91,0.03,1.62,0.33,-0.39,-0.78,-0.61,3.83,ClC(=C)C#[N:1],0.36
id770,-0.71,0.05,1.39,0.67,-0.31,-0.8,-0.52,2.48,[O:1]=COc1ccccc1,0.35
id771,-0.93,-0.01,1.59,0.26,-0.38,-0.73,-0.57,3.95,[O-][N+](=O)c1ccc(cc1)C#[N:1],0.35
id772,-0.6,0.09,1.04,0.3,-0.25,-0.38,-0.37,2.24,C1C[S:1]CCN1,0.34
id773,-0.69,0.14,1.26,0.52,-0.4,-0.63,-0.45,2.37,CC1(C)C2CCC1(C)C(=[S:1])C2,0.34
id774,-0.28,0.42,0.95,0.83,-0.34,-0.42,-0.33,0.6,CC1(C)C2CCC1(C)C(C2)=N[N+]([O-:1])=O,0.34
id775,-0.25,0.2,0.66,0.47,-0.18,-0.27,-0.24,0.83,C1C[S:1]CN1,0.32
id776,-0.33,0.14,0.77,0.41,-0.16,-0.33,-0.3,1.3,ClCC(=[O:1])CCl,0.32
id777,-0.57,0.16,1.08,0.47,-0.31,-0.52,-0.41,2.07,C1CC[S:1]C1,0.32
id778,-0.79,-0.05,1.3,0.15,-0.25,-0.55,-0.41,3.17,C[O:1]c1c(C)cccc1C,0.32
id779,-0.81,-0.02,1.4,0.37,-0.25,-0.62,-0.51,2.93,CC[N+]([O-:1])=O,0.32
id780,-0.91,0.03,1.39,0.06,-0.35,-0.51,-0.41,3.7,c1nc[n:1]cn1,0.32
id781,-0.22,0.11,0.74,0.68,-0.13,-0.49,-0.3,0.75,[F:1]C12CC3CC(CC(C3)C1)C2,0.31
id782,-0.69,0.13,1.25,0.41,-0.31,-0.52,-0.46,2.58,CC(C)[S:1]C(C)C,0.3
id783,-0.29,0.23,0.84,0.65,-0.25,-0.48,-0.36,0.97,[O-:1][N+](=O)c1ccccc1,0.3
id784,-0.72,0.1,1.23,0.46,-0.37,-0.64,-0.44,2.38,[S:1]=C1SCCS1,0.3
id785,-1.07,-0.04,1.65,-0.11,-0.38,-0.83,-0.55,4.75,CC(C)C[N:1](C(C)C)C(C)C,0.3
id786,-0.97,-0.02,1.64,0.29,-0.41,-0.81,-0.62,4,C#CC#[N:1],0.3
id787,-0.32,0.21,0.96,0.78,-0.26,-0.61,-0.42,1.3,Cc1cccc(C)c1[N+]([O-:1])=O,0.29
id788,-0.76,-0.01,1.32,0.35,-0.23,-0.56,-0.49,2.79,C[N+]([O-:1])=O,0.27
id789,-1.18,-0.07,1.68,-0.3,-0.42,-0.52,-0.49,5,C[NH:1]c1ccccc1,0.26
id790,-0.71,-0.14,1.87,1.4,-0.2,-1.41,-0.64,2.36,COC([O:1]C)(OC)OC,0.26
id791,0.88,0.33,-0.64,0.88,0.1,0.04,0.09,-2.99,CC(=[O:1])C(Cl)Cl,0.25
id792,-0.69,0.14,1.27,0.4,-0.31,-0.47,-0.46,2.52,C[S:1]C(C)(C)C,0.25
id793,-0.63,0.13,1.19,0.52,-0.32,-0.55,-0.45,2.3,CC[S:1]CC,0.25
id794,-0.55,0.15,1.12,0.41,-0.29,-0.56,-0.44,2.44,C[S:1]C1CCCCC1,0.24
id795,-0.8,0.11,1.35,0.1,-0.45,-0.68,-0.49,3.8,C[N:1](C)n1cccc1,0.23
id796,-0.62,0.14,1.19,0.51,-0.32,-0.54,-0.43,2.31,CCCC[S:1]CCCC,0.23
id797,-0.61,0.15,1.17,0.52,-0.31,-0.52,-0.43,2.18,C1CC[S:1]CC1,0.23
id798,-0.64,0.11,1.25,0.5,-0.32,-0.56,-0.45,2.35,CC(=O)C(C)=[O:1],0.23
id799,-0.65,0.06,1.23,0.41,-0.31,-0.63,-0.4,2.48,Cn1[cH:1][cH:1][cH:1][cH:1]1,0.23
id800,-0.93,0.02,1.71,0.1,-0.34,-0.67,-0.5,3.98,CC[N:1](CC)CC(F)(F)F,0.23
id801,-0.66,0.02,1.23,0.53,-0.27,-0.67,-0.43,2.46,C1Cc2ccccc2[O:1]1,0.21
id802,-0.87,0.15,1.44,0.36,-0.56,-0.8,-0.51,3.4,[NH2:1]c1cccc(F)c1,0.2
id803,-0.77,-0.04,1.3,0.26,-0.31,-0.63,-0.45,3.15,BrC(Br)C#[N:1],0.19
id804,-0.77,-0.01,1.34,0.33,-0.3,-0.65,-0.49,3.08,BrC#[N:1],0.19
id805,-0.6,0.14,1.14,0.41,-0.31,-0.49,-0.41,2.29,CC[S:1]C,0.18
id806,-0.53,-0.02,1,0.71,-0.34,-0.97,-0.45,1.86,CC(=O)c1cccc(c1)[N+]([O-:1])=O,0.18
id807,-0.6,0.16,1.2,0.41,-0.47,-0.78,-0.4,2.79,C[N:1](C)c1ccc(Br)cc1,0.17
id808,-0.6,0.13,1.11,0.42,-0.3,-0.47,-0.4,2.22,CCCC[S:1]C,0.17
id809,-0.58,0.13,1.09,0.45,-0.3,-0.48,-0.4,2.12,CCCCCCCC[S:1]C,0.17
id810,-0.52,0.14,1.17,0.76,-0.43,-0.96,-0.47,2.03,C1CC[N:1](C1)c1ccccc1,0.16
id811,-0.59,0.15,1.13,0.49,-0.31,-0.51,-0.42,2.16,CCC[S:1]C,0.16
id812,-0.21,0.25,0.73,0.59,-0.24,-0.39,-0.31,0.77,CCOC(=O)c1ccc(cc1)[N+]([O-:1])=O,0.16
id813,-0.17,0.28,0.67,0.57,-0.26,-0.37,-0.28,0.62,CC(=O)c1ccc(cc1)[N+]([O-:1])=O,0.15
id814,-0.31,0.18,0.83,0.64,-0.26,-0.51,-0.31,1.07,CCOC(=[O:1])C(Cl)(Cl)Cl,0.15
id815,-0.91,0,1.7,0.41,-0.35,-0.88,-0.61,3.81,[O:1]=Nc1ccccc1,0.15
id816,-0.43,-0.04,1.03,0.78,-0.19,-0.83,-0.39,1.58,[cH:1]1[cH:1][cH:1][nH][cH:1]1,0.15
id817,-0.91,-0.01,1.66,0.55,-0.37,-0.9,-0.59,3.35,Fc1cccc(F)[n:1]1,0.14
id818,-0.89,0.19,1.5,0.33,-0.58,-0.79,-0.54,3.51,[NH2:1]c1cccc(Cl)c1,0.13
id819,-0.52,0.17,1.02,0.44,-0.31,-0.45,-0.38,1.98,C1C[S:1]C1,0.13
id820,-0.53,-0.05,1.28,0.74,-0.23,-1.04,-0.52,2.55,CC(C)(C)O[O:1]C(C)(C)C,0.13
id821,-0.54,0.14,1.04,0.4,-0.29,-0.43,-0.38,2.05,C[S:1]C,0.12
id822,-0.61,0.04,1.17,0.44,-0.28,-0.66,-0.43,2.58,C[O:1]c1ccc(OC)cc1,0.12
id823,-0.66,-0.06,1.17,0.44,-0.14,-0.5,-0.37,2.15,COC(=[O:1])C(Cl)(Cl)Cl,0.11
id824,-0.54,0.12,0.97,0.39,-0.29,-0.44,-0.34,1.89,CC1C[S:1]1,0.1
id825,-0.61,0.1,1.25,0.55,-0.3,-0.67,-0.47,2.56,CC[O:1]C=C,0.1
id826,-0.35,0.06,0.8,0.58,-0.16,-0.52,-0.35,1.14,[F:1]C1CCCCC1,0.09
id827,-0.64,0,1.15,0.42,-0.32,-0.79,-0.41,2.57,C[O:1]c1ccc(C)cc1,0.08
id828,-0.51,0.15,1.04,0.46,-0.28,-0.47,-0.38,1.93,C[S:1]CC=C,0.08
id829,-0.24,0.22,0.66,0.53,-0.23,-0.36,-0.26,0.76,CCOC(=[O:1])C(F)(F)F,0.08
id830,-1.05,-0.07,1.43,-0.35,-0.33,-0.34,-0.42,4.44,C[NH:1]c1ccc(Cl)cc1,0.05
id831,-0.25,0.15,0.87,0.93,-0.34,-1,-0.42,1.08,CC[N:1](CC)c1ccccc1,0.05
id832,-0.61,0.04,1.17,0.46,-0.28,-0.66,-0.42,2.59,C[O:1]c1cccc(C)c1,0.05
id833,-0.5,0.14,0.92,0.36,-0.29,-0.39,-0.33,1.73,C1C[S:1]1,0.03
id834,-0.68,0.05,1.25,0.46,-0.32,-0.67,-0.47,2.69,Cc1ccc([OH:1])cc1,0.03
id835,-0.42,0.12,0.87,0.61,-0.26,-0.59,-0.33,1.36,C1OC[O:1]CO1,0.02
id836,-0.3,-0.03,1.01,0.84,-0.08,-0.78,-0.4,1.31,C[c:1]1[c:1](C)[c:1](C)[c:1](C)[c:1](C)[c:1]1C,0.02
id837,-0.28,0.04,0.71,0.53,-0.14,-0.49,-0.28,1.02,CCCCCCCC[F:1],0.02
id838,-0.66,0.04,1.22,0.49,-0.3,-0.67,-0.45,2.6,Cc1cccc([OH:1])c1,0.01
id839,-0.78,0.01,1.37,0.31,-0.33,-0.65,-0.5,3.25,Fc1c(F)c(F)c(C#[N:1])c(F)c1F,0.01
id840,0.98,0.24,-0.9,0.28,0.3,0.88,0.21,-2.12,CC(=[O:1])C(Cl)(Cl)Cl,0
id841,-0.2,0.1,0.6,0.51,-0.11,-0.28,-0.24,0.52,[F:1]C12CC3CC(C1)CC(F)(C3)C2,0
id842,-0.56,0.07,1.15,0.44,-0.25,-0.66,-0.44,2.68,CC[O:1]c1ccccc1,-0.01
id843,-0.28,0.11,0.71,0.36,-0.16,-0.33,-0.23,1.26,C[Se:1]C,-0.01
id844,-0.46,0.19,1.02,0.62,-0.3,-0.53,-0.39,1.69,C[S:1]Cc1ccccc1,-0.02
id845,-0.33,0,0.79,0.56,-0.14,-0.54,-0.31,1.19,[F:1]C1C2CC3CC(C2)CC1C3,-0.02
id846,-0.46,0.09,0.99,0.4,-0.18,-0.37,-0.36,1.87,ClCC[O:1]CCCl,-0.03
id847,-0.15,0.17,0.5,0.51,-0.22,-0.43,-0.18,0.47,CN=C=[S:1],-0.05
id848,-0.24,0.2,0.66,0.45,-0.21,-0.32,-0.25,0.83,CC(=[O:1])C(F)(F)F,-0.06
id849,-0.29,0.02,0.7,0.53,-0.15,-0.53,-0.29,0.99,CCCCC[F:1],-0.06
id850,-0.42,0.19,0.84,0.4,-0.24,-0.27,-0.27,1.28,C1CSC[S:1]C1,-0.06
id851,-0.6,0.03,1.12,0.43,-0.26,-0.62,-0.41,2.48,C[O:1]c1ccccc1,-0.07
id852,0.03,-0.22,0.78,1.16,0.14,-0.96,-0.34,0.15,C[c:1]1[cH:1][c:1](C)[c:1](C)[c:1](C)[c:1]1C,-0.07
id853,-0.64,0.02,1.18,0.47,-0.29,-0.65,-0.44,2.52,[OH:1]c1ccccc1,-0.07
id854,-0.63,0.04,1.19,0.47,-0.26,-0.67,-0.45,2.5,COc1cccc([O:1]C)c1,-0.08
id855,-0.58,0.14,1.05,0.29,-0.28,-0.38,-0.37,2.11,CC(C)[SH:1],-0.1
id856,-0.22,0.06,0.51,0.3,-0.11,-0.28,-0.22,0.82,CCOCC[Cl:1],-0.1
id857,-0.31,0.06,0.79,0.31,-0.13,-0.44,-0.29,1.66,CC[C:1]#[C:1]CC,-0.1
id858,-0.56,0.05,1.01,0.34,-0.25,-0.51,-0.38,2.37,[OH:1]c1ccc(F)cc1,-0.12
id859,-0.4,0.16,1.17,0.84,-0.2,-0.59,-0.45,1.27,C[S:1]CCCl,-0.12
id860,-0.6,0.1,1.02,0.28,-0.26,-0.42,-0.39,2.18,CC[S:1]C=C,-0.13
id861,-0.5,0.13,1.07,0.54,-0.29,-0.57,-0.41,2.01,[OH:1]CC(Cl)(Cl)Cl,-0.13
id862,-0.19,0.03,0.8,0.85,-0.11,-0.72,-0.33,0.85,C[c:1]1[cH:1][cH:1][c:1](C)[c:1](C)[c:1]1C,-0.14
id863,-0.42,0.1,0.76,0.27,-0.15,-0.18,-0.25,1.36,C1C[S:1]CCS1,-0.14
id864,-0.32,-0.02,0.93,0.74,-0.16,-0.81,-0.38,1.44,C[c:1]1[cH:1][c:1](C)[c:1](C)[cH:1][c:1]1C,-0.15
id865,-0.43,0.11,0.85,0.39,-0.25,-0.42,-0.31,1.67,CC[SH:1],-0.16
id866,0.12,0.15,0.51,1.21,-0.15,-1,-0.29,-0.3,CO[c:1]1[cH:1][c:1](C)[cH:1][cH:1][c:1]1C(C)(C)C,-0.16
id868,-0.28,-0.05,0.9,0.79,-0.11,-0.77,-0.35,1.2,C[c:1]1[cH:1][c:1](C)[cH:1][c:1](C)[cH:1]1,-0.18
id869,-0.31,-0.11,0.85,0.64,-0.09,-0.83,-0.32,1.44,CC(C)[c:1]1[cH:1][c:1]([cH:1][c:1]([cH:1]1)C(C)C)C(C)C,-0.18
id870,-0.27,0.11,0.68,0.5,-0.18,-0.44,-0.26,0.93,[Cl:1]C12CC3CC(CC(C3)C1)C2,-0.18
id871,-0.17,0.09,0.71,0.64,-0.18,-0.67,-0.31,1.06,C[C:1]#[C:1]c1ccccc1,-0.19
id872,-0.69,0.09,1.02,0.14,-0.18,-0.06,-0.25,1.79,[I:1]C12CC3CC(CC(C3)C1)C2,-0.19
id873,-0.23,0.06,0.81,0.82,-0.16,-0.77,-0.35,0.79,CO[c:1]1[c:1](C)[cH:1][cH:1][cH:1][c:1]1C,-0.21
id874,-1.04,0.08,2.06,1.04,-0.51,-1.28,-0.81,3.67,c1ccc(cc1)[N:1]=Nc1ccccc1,-0.22
id875,-0.34,0.03,0.69,0.33,-0.14,-0.43,-0.27,1.49,CCCC[C:1]#[CH:1],-0.22
id876,-0.16,0.19,0.45,0.3,-0.14,-0.11,-0.18,0.36,CC(C)(C)[Br:1],-0.22
id877,-0.37,0.04,0.72,0.16,-0.15,-0.31,-0.23,1.62,C[S:1]CSC,-0.22
id878,-0.23,-0.02,0.88,0.79,-0.05,-0.79,-0.37,1.28,CC(C)(C)[c:1]1[cH:1][c:1]([cH:1][c:1]([cH:1]1)C(C)(C)C)C(C)(C)C,-0.23
id879,-0.56,0.05,1.01,0.34,-0.23,-0.46,-0.33,2.18,C1C[O:1]c2ccccc2O1,-0.23
id880,-0.2,0.22,0.87,0.92,-0.3,-0.88,-0.4,1,CN(C)c1cccc2[cH:1][cH:1][cH:1][c:1](N(C)C)c12,-0.24
id881,-0.5,0.04,0.93,0.25,-0.26,-0.56,-0.32,2.24,C[O:1]c1ccc(Cl)cc1,-0.25
id882,-0.23,0.18,0.52,0.23,-0.14,-0.08,-0.21,0.59,[Br:1]C1CCCCC1,-0.25
id883,-0.17,-0.02,0.67,0.76,-0.17,-0.93,-0.25,0.81,Cc1ccc2N3CN(Cc2c1)[c:1]1[cH:1][cH:1][c:1](C)[cH:1][c:1]1C3,-0.26
id884,-0.64,0.02,1.15,0.21,-0.25,-0.49,-0.44,2.8,ClC(Cl)(Cl)C#[N:1],-0.26
id885,-0.12,-0.01,0.67,0.78,-0.07,-0.67,-0.25,0.57,C[c:1]1[cH:1][cH:1][cH:1][cH:1][c:1]1C,-0.27
id886,-0.17,0.06,0.55,0.43,-0.1,-0.36,-0.22,0.7,FCCC[F:1],-0.27
id887,-0.3,0.1,0.67,0.39,-0.21,-0.4,-0.26,1.02,[Cl:1]C1CCCCC1,-0.27
id888,-0.19,-0.01,0.73,0.8,-0.06,-0.69,-0.28,0.75,C1C2CC3CC1CC(C2)(C3)[c:1]1[cH:1][cH:1][cH:1][cH:1][cH:1]1,-0.28
id889,-0.26,-0.01,0.79,0.72,-0.14,-0.71,-0.31,1.08,C[c:1]1[cH:1][cH:1][cH:1][c:1](C)[cH:1]1,-0.28
id890,-0.5,0.12,1.14,0.72,-0.31,-0.68,-0.41,1.69,[OH:1]CC(F)(F)F,-0.28
id891,-0.26,0.1,0.6,0.43,-0.16,-0.4,-0.26,0.94,CC(C)(C)[Cl:1],-0.28
id892,-0.22,-0.04,0.77,0.75,-0.09,-0.7,-0.3,0.9,C[c:1]1[cH:1][cH:1][c:1](C)[cH:1][cH:1]1,-0.29
id893,-0.14,-0.32,0.69,1.01,0.16,-1.05,-0.28,0.43,N(c1ccccc1)[c:1]1[cH:1][cH:1][cH:1][cH:1][cH:1]1,-0.3
id894,-0.33,0.11,0.68,0.34,-0.21,-0.38,-0.28,1.17,CC(C)[Cl:1],-0.3
id895,-0.16,0.17,0.46,0.3,-0.12,-0.16,-0.21,0.52,CC(C)[Br:1],-0.3
id896,-0.45,-0.07,0.88,0.25,-0.08,-0.38,-0.31,1.74,C[S:1]c1ccccc1,-0.32
id897,-0.22,-0.02,0.76,0.77,-0.1,-0.74,-0.29,0.95,C1CCC(CC1)[c:1]1[cH:1][cH:1][cH:1][cH:1][cH:1]1,-0.32
id898,-0.19,-0.03,0.68,0.75,-0.04,-0.68,-0.29,0.88,CC(C)(C)[c:1]1[cH:1][cH:1][cH:1][cH:1][cH:1]1,-0.32
id899,-0.62,0.06,0.9,0.1,-0.17,-0.07,-0.22,1.72,[I:1]C1CCCCC1,-0.32
id900,-0.16,0.06,0.35,0.22,-0.08,-0.15,-0.14,0.39,ClCCOCC[Cl:1],-0.33
id901,-0.57,0.06,0.79,0.01,-0.09,0.02,-0.2,1.54,CC(C)(C)[I:1],-0.33
id902,-0.22,-0.05,0.69,0.74,-0.05,-0.7,-0.27,0.84,CC(C)[c:1]1[cH:1][cH:1][cH:1][cH:1][cH:1]1,-0.34
id903,0,0.18,0.29,0.39,-0.1,-0.26,-0.16,0.2,CCCC[Br:1],-0.34
id904,-0.19,-0.02,0.44,0.15,-0.08,-0.32,-0.19,0.91,CCC(CC)[N:1](C(C)C)C(C)C,-0.34
id905,-0.13,0.18,0.44,0.17,-0.08,-0.04,-0.24,0.5,CCCCC[Br:1],-0.35
id906,-0.1,-0.01,0.63,0.77,-0.04,-0.7,-0.28,0.71,C[Si](C)(C)[c:1]1[cH:1][cH:1][cH:1][cH:1][cH:1]1,-0.36
id907,-0.19,-0.02,0.71,0.73,-0.1,-0.69,-0.27,0.8,C[c:1]1[cH:1][cH:1][cH:1][cH:1][cH:1]1,-0.36
id908,0.16,-0.02,0.48,1.01,0.05,-0.84,-0.23,0.01,CC[c:1]1[cH:1][cH:1][cH:1][cH:1][cH:1]1,-0.36
id909,-0.59,-0.11,0.87,0.02,-0.08,-0.22,-0.28,2.04,[OH:1]c1cccc(c1)C(F)(F)F,-0.36
id910,-0.53,0.03,1.04,0.26,-0.2,-0.5,-0.36,2.51,C[O:1]c1ccccc1C,-0.37
id911,-0.2,0.17,0.49,0.22,-0.14,-0.12,-0.21,0.97,C[S:1]CCl,-0.37
id912,0.08,0.12,0,-0.17,-0.05,0.01,-0.15,0.11,CCCCC[I:1],-0.37
id913,-0.23,0.05,0.32,-0.02,0.03,0.05,-0.09,0.6,CC(C)[I:1],-0.37
id914,0.12,0.32,0.67,0.94,-0.23,-0.71,-0.39,-0.1,C1CC1[c:1]1[cH:1][cH:1][cH:1][cH:1][cH:1]1,-0.37
id915,-0.53,-0.01,1,0.31,-0.13,-0.4,-0.35,1.93,ClS(Cl)=[O:1],-0.38
id916,-0.32,0.09,0.66,0.34,-0.21,-0.37,-0.26,1.16,CCCCC[Cl:1],-0.38
id917,-0.2,0.17,0.48,0.22,-0.14,-0.12,-0.22,0.66,CCC[Br:1],-0.38
id918,-0.6,0.05,1,0.3,-0.26,-0.41,-0.36,2.11,C1C[S:1]CS1,-0.38
id919,0.19,-0.94,-0.01,0.56,0.8,-0.32,-0.36,-0.72,C1[c:1]2[cH:1][cH:1][cH:1][cH:1][c:1]2-c2ccccc12,-0.38
id920,-0.02,0.1,0.69,0.96,-0.14,-0.78,-0.27,0.35,C(N(C[c:1]1[cH:1][cH:1][cH:1][cH:1][cH:1]1)Cc1ccccc1)c1ccccc1,-0.39
id921,-0.23,0.14,0.58,0.38,-0.22,-0.39,-0.25,0.9,[Cl:1]CCCCCCl,-0.39
id922,-0.45,-0.01,0.75,0.29,-0.18,-0.43,-0.26,1.61,c1cc[o:1]c1,-0.4
id923,-0.28,0.17,0.57,0.11,-0.15,-0.06,-0.26,0.99,CC[Br:1],-0.4
id924,-0.24,0.17,0.52,0.24,-0.16,-0.11,-0.19,0.91,CC[S:1]SCC,-0.4
id925,-0.25,-0.12,0.67,0.51,-0.03,-0.53,-0.2,0.99,C(OCc1ccccc1)[c:1]1[cH:1][cH:1][cH:1][cH:1][cH:1]1,-0.41
id926,-0.29,0.02,0.63,0.45,-0.14,-0.48,-0.23,0.89,C[O:1]C(C(F)(F)F)C(F)(F)F,-0.41
id927,0.01,0.03,0.52,0.79,-0.06,-0.66,-0.22,0.26,C([c:1]1[cH:1][cH:1][cH:1][cH:1][cH:1]1)c1ccccc1,-0.41
id928,-0.21,0.1,0.5,0.32,-0.16,-0.33,-0.22,0.92,CCCC[Cl:1],-0.41
id929,-0.52,0.02,1,0.42,-0.22,-0.62,-0.36,2.14,O(c1ccccc1)[c:1]1[cH:1][cH:1][cH:1][cH:1][cH:1]1,-0.43
id930,0.39,0.11,-0.16,0.42,0.17,0.21,-0.08,-1.13,C1[c:1]2[cH:1][cH:1][cH:1][cH:1][c:1]2Oc2ccccc12,-0.43
id931,-0.29,0.04,0.64,0.27,-0.13,-0.37,-0.24,1.39,[CH:1]#[C:1]CCC#C,-0.43
id932,-0.2,0.06,0.61,0.49,-0.14,-0.49,-0.25,0.98,[CH:1]#[C:1]c1ccccc1,-0.44
id933,-0.47,0.02,0.81,0.33,-0.17,-0.42,-0.27,1.68,C1Oc2ccccc2[O:1]1,-0.45
id934,-0.63,0.17,1.59,0.21,-0.28,-0.71,-0.57,3.79,C[Si](C)(C)[NH:1][Si](C)(C)C,-0.45
id935,-0.74,-0.12,1.28,0.23,-0.18,-0.94,-0.49,3.99,C[c:1]1[cH:1][c:1](n[c:1]([cH:1]1)C(C)(C)C)C(C)(C)C,-0.45
id936,-0.68,-0.22,0.46,-0.02,-0.16,-0.03,-0.11,0.66,ICCCC[I:1],-0.46
id937,-0.19,-0.03,0.68,0.69,-0.07,-0.62,-0.24,0.67,c1ccc(cc1)-[c:1]1[cH:1][cH:1][cH:1][cH:1][cH:1]1,-0.47
id938,0.34,0.12,-0.27,0.17,0.19,0.16,-0.15,-0.61,ClCCCC[Cl:1],-0.47
id939,0.04,0.17,0.3,0.44,-0.07,-0.23,-0.16,-0.03,[Br:1]C1CC1,-0.47
id940,0.25,0.19,-0.12,0.23,0.09,0.29,0.06,-1.13,BrCCCC[Br:1],-0.47
id941,-0.24,-0.01,0.3,0,0.08,0.06,-0.07,0.45,C[I:1],-0.47
id942,0.03,-0.05,0.02,-0.06,0.22,0.21,0.01,-0.37,CC[I:1],-0.47
id943,0.02,0.16,0.6,0.82,-0.08,-0.6,-0.32,-0.04,CS[c:1]1[cH:1][cH:1][cH:1][cH:1][cH:1]1,-0.48
id944,0.17,-0.09,0.26,0.81,0.07,-0.68,-0.31,-0.39,c1cc[c:1]2[cH:1][cH:1][cH:1][cH:1][c:1]2c1,-0.48
id945,-0.26,-0.04,0.7,0.63,-0.1,-0.64,-0.26,0.93,[cH:1]1[cH:1][cH:1][cH:1][cH:1][cH:1]1,-0.49
id946,-0.26,0.19,0.55,0.21,-0.17,-0.13,-0.2,1,C[S:1]SC,-0.49
id947,-0.49,0,0.95,0.3,-0.19,-0.44,-0.32,1.91,Fc1[n:1]c(F)c(F)c(F)c1F,-0.49
id948,-0.07,0.04,0.6,0.76,-0.04,-0.57,-0.2,0.23,[cH:1]1[cH:1][cH:1][c:1]([cH:1][cH:1]1)C(c1ccccc1)c1ccccc1,-0.5
id949,0.03,0.15,0.21,0.41,-0.11,-0.24,-0.1,-0.07,[Cl:1]C1CCCCC1Cl,-0.5
id950,-0.43,-0.03,0.59,-0.08,-0.12,-0.13,-0.15,1.69,[cH:1]1[cH:1][cH:1]s[cH:1]1,-0.5
id951,-0.14,0.19,0.85,0.76,-0.17,-0.69,-0.4,0.82,S(c1ccccc1)[c:1]1[cH:1][cH:1][cH:1][cH:1][cH:1]1,-0.51
id952,-0.08,0.07,0.26,0.21,-0.06,-0.16,-0.14,0.52,ClCCC[Cl:1],-0.51
id954,-1.07,0.08,2.1,0.99,-0.5,-1.25,-0.81,3.76,c1ccc(cc1)N=N[c:1]1[cH:1][cH:1][cH:1][cH:1][cH:1]1,-0.53
id955,-0.41,0.11,1.35,0.43,-0.11,-0.76,-0.51,3.1,C[Si](C)(C)[O:1][Si](C)(C)C,-0.53
id956,0.54,-0.04,-0.03,0.49,0.27,-0.12,-0.41,-0.76,c1cc[c:1]2[c:1](c1)[cH:1][cH:1][c:1]1cccc[c:1]21,-0.53
id957,0.1,0.29,0.16,0.25,-0.1,0.08,-0.03,-0.48,BrCCC[Br:1],-0.53
id958,-0.68,-0.09,1.17,0.19,-0.2,-0.87,-0.44,3.73,CC(C)(C)[c:1]1[cH:1][cH:1][cH:1][c:1](n1)C(C)(C)C,-0.54
id959,0.05,0.07,0.03,0.03,-0.05,0.01,0.05,-0.22,[S:1]=C=Nc1ccccc1,-0.55
id960,0.52,0.09,0.17,0.44,0.28,0.07,-0.39,-0.59,c1c[c:1]2[cH:1][cH:1][c:1]3cccc4ccc(c1)[c:1]2[c:1]34,-0.56
id961,0.08,0.19,0.65,0.92,-0.11,-0.79,-0.36,0.25,CC#C[c:1]1[cH:1][cH:1][cH:1][cH:1][cH:1]1,-0.57
id962,0.05,0,0.53,0.77,0.08,-0.62,-0.3,-0.02,C#C[c:1]1[cH:1][cH:1][cH:1][cH:1][cH:1]1,-0.6
id963,0.03,0.16,0.17,0.25,-0.11,-0.13,-0.09,0.08,CC(Cl)C[Cl:1],-0.61
id964,-0.02,0.11,0.23,0.26,-0.05,-0.1,-0.1,0,CC([Cl:1])CCl,-0.61
id965,0.04,0.14,0.16,0.26,-0.07,-0.12,-0.1,0.06,[Cl:1]CCCl,-0.61
id966,0.03,-0.01,0.23,0.45,0.11,-0.02,-0.15,-0.42,S=C=N[c:1]1[cH:1][cH:1][cH:1][cH:1][cH:1]1,-0.63
id967,0.39,0.24,-0.15,0.53,-0.01,-0.03,0.05,-1,[Br:1]CCBr,-0.63
id968,-0.99,-0.01,2.2,0.66,-0.42,-1.26,-0.76,4.5,[CH:1]#CCN(CC#C)CC#C,-0.64
id969,-0.38,-0.66,0.16,0.13,-0.19,-0.81,-0.21,-0.29,I[c:1]1[cH:1][cH:1][cH:1][cH:1][cH:1]1,-0.64
id970,0.02,-0.32,0.21,0.63,0.35,-0.38,-0.19,-0.11,Cl[c:1]1[cH:1][cH:1][cH:1][cH:1][cH:1]1,-0.65
id971,-0.04,-0.51,-0.3,-0.14,0.37,0.01,0.08,-0.25,[I:1]CCI,-0.65
id972,-0.12,-0.34,0.17,0.15,0.54,0.05,-0.12,-0.4,Br[c:1]1[cH:1][cH:1][cH:1][cH:1][cH:1]1,-0.66
id973,-0.3,0.05,0.74,0.12,-0.07,-0.31,-0.26,1.93,CCCCC[CH:1]=[CH2:1],-0.67
id974,-0.11,-0.16,0.1,0.1,0.3,0.19,0.09,-0.59,IC[I:1],-0.68
id975,0.75,0.19,-0.61,0.52,0.28,0.33,0.16,-1.96,BrC[Br:1],-0.7
id976,0.05,0.16,0.13,0.23,-0.08,-0.09,-0.09,-0.08,CC([Cl:1])Cl,-0.72
id977,-0.37,0.07,0.82,0.23,-0.16,-0.34,-0.29,1.81,C[C:1]1=[CH:1]CCCC1,-0.74
id978,-0.04,0.09,0.23,0.18,-0.07,-0.11,-0.1,0.3,ClCC(Cl)C[Cl:1],-0.76
id979,0.13,0.16,0.04,0.26,-0.02,-0.01,-0.03,-0.62,ClCC([Cl:1])CCl,-0.76
id980,-0.5,-0.01,0.97,0.48,-0.28,-0.79,-0.36,1.99,[O:1](c1ccccc1)c1ccccc1,-0.8
id981,0.18,0.14,-0.06,0.21,-0.01,0.01,-0.01,-0.68,ClC[Cl:1],-0.8
id982,-0.38,0.04,0.78,0.23,-0.15,-0.32,-0.27,1.7,C1CC[CH:1]=[CH:1]C1,-0.82
id983,-0.4,0.03,0.75,0.1,-0.18,-0.34,-0.27,1.77,C[C:1](C)=[C:1](C)C,-0.85
id984,-0.37,0,0.78,0.46,-0.19,-0.59,-0.32,1.46,C1C=CC[CH:1]=[CH:1]1,-0.88
id985,0.03,0.18,0.19,0.19,-0.06,-0.01,-0.09,-0.12,[Br:1]c1ccccc1,-0.92
id987,-0.11,0.21,0.84,0.74,-0.14,-0.67,-0.39,0.72,[S:1](c1ccccc1)c1ccccc1,-0.93
id988,-0.26,-0.08,0.54,0.03,0.15,0.14,-0.08,0.72,[OH:1]C(C(F)(F)F)C(F)(F)F,-0.96
id989,-0.16,0.06,0.39,0.31,-0.11,-0.28,-0.18,0.53,[Cl:1]c1ccccc1,-1.02
id990,0.52,0.06,-0.46,0.41,0.22,0.02,0.01,-1.26,CC([Cl:1])(Cl)Cl,-1.15
id991,-0.19,0.01,0.68,0.7,-0.23,-0.94,-0.33,1.08,C[O:1]c1cc(C)ccc1C(C)(C)C,-1.44
id992,-0.68,0.05,1.64,0.85,-0.48,-1.52,-0.66,3.42,C([N:1](Cc1ccccc1)Cc1ccccc1)c1ccccc1,-1.5
id993,-0.39,0.03,0.86,0.55,-0.2,-0.64,-0.34,1.68,C1c2ccccc2[O:1]c2ccccc12,-1.71
